year,age,male,female
1991,0,67.91,76.41
1991,1,67.75,76.23
1991,2,66.86,75.35
1991,3,65.92,74.41
1991,4,64.97,73.45
1991,5,64.02,72.49
1991,6,63.07,71.54
1991,7,62.11,70.57
1991,8,61.15,69.6
1991,9,60.19,68.63
1991,10,59.22,67.66
1991,11,58.24,66.68
1991,12,57.27,65.7
1991,13,56.3,64.72
1991,14,55.33,63.75
1991,15,54.36,62.77
1991,16,53.41,61.8
1991,17,52.47,60.83
1991,18,51.53,59.86
1991,19,50.6,58.89
1991,20,49.67,57.92
1991,21,48.74,56.96
1991,22,47.81,56
1991,23,46.87,55.03
1991,24,45.94,54.07
1991,25,45.01,53.11
1991,26,44.08,52.15
1991,27,43.15,51.18
1991,28,42.23,50.22
1991,29,41.31,49.26
1991,30,40.39,48.3
1991,31,39.47,47.34
1991,32,38.56,46.39
1991,33,37.65,45.43
1991,34,36.74,44.48
1991,35,35.84,43.52
1991,36,34.94,42.57
1991,37,34.06,41.62
1991,38,33.17,40.67
1991,39,32.3,39.73
1991,40,31.43,38.78
1991,41,30.56,37.84
1991,42,29.71,36.9
1991,43,28.86,35.97
1991,44,28.02,35.04
1991,45,27.19,34.12
1991,46,26.38,33.21
1991,47,25.58,32.3
1991,48,24.79,31.4
1991,49,24.01,30.51
1991,50,23.24,29.62
1991,51,22.48,28.74
1991,52,21.73,27.86
1991,53,20.99,26.98
1991,54,20.25,26.11
1991,55,19.52,25.24
1991,56,18.79,24.38
1991,57,18.07,23.52
1991,58,17.36,22.67
1991,59,16.66,21.83
1991,60,15.97,20.99
1991,61,15.3,20.17
1991,62,14.65,19.36
1991,63,14.01,18.56
1991,64,13.38,17.77
1991,65,12.78,16.99
1991,66,12.18,16.23
1991,67,11.6,15.48
1991,68,11.04,14.75
1991,69,10.5,14.04
1991,70,9.98,13.35
1991,71,9.49,12.68
1991,72,9.02,12.04
1991,73,8.57,11.42
1991,74,8.13,10.82
1991,75,7.7,10.25
1991,76,7.27,9.69
1991,77,6.86,9.16
1991,78,6.47,8.65
1991,79,6.09,8.16
1991,80,5.73,7.69
1991,81,5.4,7.24
1991,82,5.09,6.82
1991,83,4.8,6.42
1991,84,4.53,6.04
1991,85,4.27,5.68
1991,86,4.02,5.34
1991,87,3.79,5.02
1991,88,3.57,4.71
1991,89,3.36,4.42
1991,90,3.16,4.15
1991,91,2.98,3.89
1991,92,2.8,3.65
1991,93,2.64,3.43
1991,94,2.48,3.21
1991,95,2.33,3.02
1991,96,2.19,2.83
1991,97,2.06,2.65
1991,98,1.94,2.49
1991,99,1.83,2.33
1991,100,1.72,2.19
1992,0,68.4,76.82
1992,1,68.18,76.58
1992,2,67.28,75.68
1992,3,66.34,74.74
1992,4,65.39,73.78
1992,5,64.43,72.82
1992,6,63.48,71.86
1992,7,62.52,70.89
1992,8,61.56,69.92
1992,9,60.59,68.95
1992,10,59.62,67.97
1992,11,58.64,66.99
1992,12,57.66,66.01
1992,13,56.69,65.03
1992,14,55.72,64.05
1992,15,54.75,63.07
1992,16,53.79,62.1
1992,17,52.85,61.13
1992,18,51.91,60.16
1992,19,50.98,59.19
1992,20,50.06,58.22
1992,21,49.12,57.25
1992,22,48.19,56.29
1992,23,47.25,55.32
1992,24,46.31,54.35
1992,25,45.37,53.39
1992,26,44.44,52.42
1992,27,43.51,51.46
1992,28,42.58,50.5
1992,29,41.66,49.53
1992,30,40.74,48.57
1992,31,39.82,47.61
1992,32,38.9,46.65
1992,33,37.99,45.69
1992,34,37.07,44.74
1992,35,36.17,43.78
1992,36,35.27,42.83
1992,37,34.37,41.87
1992,38,33.48,40.92
1992,39,32.6,39.98
1992,40,31.73,39.03
1992,41,30.86,38.09
1992,42,30,37.15
1992,43,29.15,36.21
1992,44,28.31,35.28
1992,45,27.48,34.35
1992,46,26.66,33.43
1992,47,25.85,32.52
1992,48,25.04,31.61
1992,49,24.25,30.71
1992,50,23.47,29.81
1992,51,22.69,28.92
1992,52,21.93,28.03
1992,53,21.18,27.15
1992,54,20.43,26.27
1992,55,19.69,25.39
1992,56,18.96,24.52
1992,57,18.24,23.66
1992,58,17.53,22.8
1992,59,16.83,21.95
1992,60,16.15,21.11
1992,61,15.48,20.29
1992,62,14.82,19.47
1992,63,14.18,18.66
1992,64,13.55,17.87
1992,65,12.94,17.09
1992,66,12.34,16.32
1992,67,11.76,15.57
1992,68,11.2,14.83
1992,69,10.65,14.12
1992,70,10.13,13.42
1992,71,9.63,12.74
1992,72,9.14,12.09
1992,73,8.68,11.45
1992,74,8.23,10.84
1992,75,7.79,10.25
1992,76,7.36,9.68
1992,77,6.95,9.13
1992,78,6.56,8.61
1992,79,6.19,8.11
1992,80,5.83,7.63
1992,81,5.5,7.18
1992,82,5.19,6.75
1992,83,4.9,6.34
1992,84,4.63,5.96
1992,85,4.36,5.6
1992,86,4.11,5.25
1992,87,3.87,4.93
1992,88,3.65,4.62
1992,89,3.44,4.33
1992,90,3.24,4.06
1992,91,3.05,3.81
1992,92,2.87,3.57
1992,93,2.7,3.35
1992,94,2.54,3.14
1992,95,2.39,2.94
1992,96,2.25,2.76
1992,97,2.11,2.59
1992,98,1.99,2.43
1992,99,1.87,2.28
1992,100,1.76,2.14
1993,0,68.88,77.33
1993,1,68.59,77.04
1993,2,67.69,76.14
1993,3,66.73,75.19
1993,4,65.78,74.23
1993,5,64.82,73.27
1993,6,63.87,72.3
1993,7,62.91,71.33
1993,8,61.94,70.36
1993,9,60.97,69.38
1993,10,60,68.41
1993,11,59.02,67.42
1993,12,58.04,66.44
1993,13,57.06,65.46
1993,14,56.09,64.48
1993,15,55.12,63.5
1993,16,54.16,62.52
1993,17,53.22,61.55
1993,18,52.28,60.58
1993,19,51.35,59.61
1993,20,50.42,58.64
1993,21,49.49,57.67
1993,22,48.55,56.7
1993,23,47.61,55.73
1993,24,46.67,54.77
1993,25,45.73,53.8
1993,26,44.79,52.83
1993,27,43.86,51.86
1993,28,42.93,50.9
1993,29,42,49.93
1993,30,41.07,48.97
1993,31,40.15,48.01
1993,32,39.23,47.04
1993,33,38.31,46.08
1993,34,37.39,45.12
1993,35,36.48,44.17
1993,36,35.58,43.21
1993,37,34.68,42.26
1993,38,33.78,41.3
1993,39,32.9,40.35
1993,40,32.02,39.41
1993,41,31.15,38.46
1993,42,30.29,37.52
1993,43,29.44,36.58
1993,44,28.59,35.64
1993,45,27.75,34.71
1993,46,26.92,33.79
1993,47,26.1,32.87
1993,48,25.28,31.96
1993,49,24.48,31.05
1993,50,23.68,30.14
1993,51,22.9,29.24
1993,52,22.12,28.34
1993,53,21.36,27.45
1993,54,20.6,26.56
1993,55,19.86,25.68
1993,56,19.13,24.81
1993,57,18.4,23.94
1993,58,17.7,23.08
1993,59,17,22.23
1993,60,16.31,21.38
1993,61,15.64,20.55
1993,62,14.98,19.73
1993,63,14.34,18.92
1993,64,13.7,18.12
1993,65,13.09,17.34
1993,66,12.49,16.57
1993,67,11.91,15.82
1993,68,11.34,15.08
1993,69,10.8,14.36
1993,70,10.26,13.66
1993,71,9.75,12.98
1993,72,9.25,12.31
1993,73,8.77,11.67
1993,74,8.31,11.04
1993,75,7.86,10.44
1993,76,7.44,9.87
1993,77,7.04,9.32
1993,78,6.65,8.79
1993,79,6.28,8.29
1993,80,5.93,7.82
1993,81,5.6,7.37
1993,82,5.29,6.94
1993,83,4.99,6.53
1993,84,4.71,6.14
1993,85,4.45,5.77
1993,86,4.19,5.43
1993,87,3.95,5.1
1993,88,3.73,4.78
1993,89,3.51,4.49
1993,90,3.31,4.21
1993,91,3.11,3.95
1993,92,2.93,3.71
1993,93,2.76,3.47
1993,94,2.59,3.26
1993,95,2.44,3.05
1993,96,2.29,2.86
1993,97,2.16,2.68
1993,98,2.03,2.52
1993,99,1.91,2.36
1993,100,1.79,2.21
1994,0,69.29,77.66
1994,1,68.96,77.32
1994,2,68.04,76.42
1994,3,67.09,75.46
1994,4,66.13,74.5
1994,5,65.17,73.53
1994,6,64.21,72.57
1994,7,63.25,71.6
1994,8,62.28,70.62
1994,9,61.31,69.64
1994,10,60.33,68.66
1994,11,59.35,67.68
1994,12,58.37,66.7
1994,13,57.4,65.71
1994,14,56.42,64.73
1994,15,55.45,63.75
1994,16,54.49,62.78
1994,17,53.55,61.81
1994,18,52.61,60.84
1994,19,51.68,59.87
1994,20,50.75,58.9
1994,21,49.81,57.93
1994,22,48.87,56.96
1994,23,47.93,55.99
1994,24,46.99,55.02
1994,25,46.05,54.06
1994,26,45.12,53.09
1994,27,44.18,52.12
1994,28,43.25,51.15
1994,29,42.32,50.19
1994,30,41.4,49.22
1994,31,40.47,48.26
1994,32,39.55,47.3
1994,33,38.63,46.33
1994,34,37.71,45.37
1994,35,36.79,44.41
1994,36,35.89,43.46
1994,37,34.98,42.5
1994,38,34.09,41.55
1994,39,33.2,40.59
1994,40,32.32,39.64
1994,41,31.45,38.7
1994,42,30.58,37.75
1994,43,29.73,36.81
1994,44,28.88,35.88
1994,45,28.03,34.94
1994,46,27.2,34.02
1994,47,26.37,33.09
1994,48,25.55,32.17
1994,49,24.74,31.26
1994,50,23.93,30.35
1994,51,23.14,29.44
1994,52,22.36,28.54
1994,53,21.59,27.64
1994,54,20.83,26.75
1994,55,20.08,25.87
1994,56,19.35,24.99
1994,57,18.62,24.12
1994,58,17.91,23.25
1994,59,17.21,22.39
1994,60,16.52,21.54
1994,61,15.84,20.7
1994,62,15.17,19.87
1994,63,14.52,19.06
1994,64,13.88,18.25
1994,65,13.26,17.46
1994,66,12.65,16.68
1994,67,12.06,15.92
1994,68,11.48,15.17
1994,69,10.93,14.44
1994,70,10.39,13.73
1994,71,9.87,13.04
1994,72,9.36,12.37
1994,73,8.88,11.72
1994,74,8.41,11.09
1994,75,7.96,10.49
1994,76,7.53,9.91
1994,77,7.12,9.36
1994,78,6.73,8.84
1994,79,6.35,8.33
1994,80,6,7.86
1994,81,5.66,7.41
1994,82,5.34,6.97
1994,83,5.04,6.57
1994,84,4.76,6.18
1994,85,4.49,5.81
1994,86,4.23,5.46
1994,87,3.98,5.13
1994,88,3.75,4.81
1994,89,3.53,4.52
1994,90,3.33,4.24
1994,91,3.13,3.98
1994,92,2.95,3.73
1994,93,2.77,3.5
1994,94,2.61,3.28
1994,95,2.45,3.07
1994,96,2.3,2.88
1994,97,2.16,2.7
1994,98,2.03,2.53
1994,99,1.91,2.37
1994,100,1.8,2.22
1995,0,69.7,77.94
1995,1,69.31,77.56
1995,2,68.39,76.64
1995,3,67.44,75.69
1995,4,66.47,74.72
1995,5,65.51,73.75
1995,6,64.55,72.78
1995,7,63.58,71.81
1995,8,62.61,70.83
1995,9,61.64,69.85
1995,10,60.66,68.87
1995,11,59.68,67.89
1995,12,58.7,66.9
1995,13,57.73,65.92
1995,14,56.75,64.94
1995,15,55.78,63.96
1995,16,54.82,62.98
1995,17,53.87,62.01
1995,18,52.93,61.04
1995,19,52,60.07
1995,20,51.07,59.11
1995,21,50.13,58.14
1995,22,49.19,57.17
1995,23,48.25,56.2
1995,24,47.31,55.23
1995,25,46.38,54.27
1995,26,45.44,53.3
1995,27,44.51,52.33
1995,28,43.57,51.36
1995,29,42.64,50.4
1995,30,41.72,49.43
1995,31,40.79,48.46
1995,32,39.86,47.5
1995,33,38.94,46.53
1995,34,38.02,45.57
1995,35,37.1,44.61
1995,36,36.19,43.65
1995,37,35.29,42.69
1995,38,34.39,41.74
1995,39,33.5,40.78
1995,40,32.61,39.83
1995,41,31.74,38.89
1995,42,30.87,37.94
1995,43,30.01,37
1995,44,29.16,36.06
1995,45,28.31,35.13
1995,46,27.47,34.19
1995,47,26.64,33.26
1995,48,25.81,32.34
1995,49,24.99,31.42
1995,50,24.18,30.5
1995,51,23.39,29.59
1995,52,22.6,28.69
1995,53,21.82,27.79
1995,54,21.06,26.89
1995,55,20.31,26.01
1995,56,19.57,25.12
1995,57,18.84,24.24
1995,58,18.12,23.37
1995,59,17.41,22.51
1995,60,16.72,21.65
1995,61,16.03,20.81
1995,62,15.36,19.97
1995,63,14.7,19.15
1995,64,14.05,18.33
1995,65,13.42,17.53
1995,66,12.8,16.74
1995,67,12.2,15.97
1995,68,11.62,15.21
1995,69,11.05,14.47
1995,70,10.51,13.75
1995,71,9.98,13.05
1995,72,9.47,12.37
1995,73,8.98,11.71
1995,74,8.51,11.08
1995,75,8.06,10.47
1995,76,7.62,9.89
1995,77,7.21,9.34
1995,78,6.81,8.81
1995,79,6.43,8.3
1995,80,6.06,7.82
1995,81,5.72,7.36
1995,82,5.39,6.93
1995,83,5.09,6.52
1995,84,4.8,6.13
1995,85,4.52,5.76
1995,86,4.26,5.41
1995,87,4.01,5.08
1995,88,3.78,4.76
1995,89,3.56,4.47
1995,90,3.35,4.19
1995,91,3.15,3.93
1995,92,2.96,3.68
1995,93,2.78,3.45
1995,94,2.62,3.24
1995,95,2.46,3.03
1995,96,2.31,2.84
1995,97,2.17,2.67
1995,98,2.04,2.5
1995,99,1.92,2.34
1995,100,1.8,2.2
1996,0,70.21,78.27
1996,1,69.78,77.85
1996,2,68.86,76.93
1996,3,67.9,75.97
1996,4,66.93,75
1996,5,65.96,74.03
1996,6,65,73.06
1996,7,64.03,72.08
1996,8,63.06,71.1
1996,9,62.08,70.12
1996,10,61.1,69.13
1996,11,60.12,68.15
1996,12,59.14,67.16
1996,13,58.16,66.18
1996,14,57.18,65.2
1996,15,56.21,64.21
1996,16,55.25,63.24
1996,17,54.3,62.26
1996,18,53.35,61.29
1996,19,52.42,60.32
1996,20,51.48,59.36
1996,21,50.54,58.39
1996,22,49.6,57.42
1996,23,48.66,56.45
1996,24,47.72,55.48
1996,25,46.78,54.51
1996,26,45.84,53.54
1996,27,44.9,52.57
1996,28,43.97,51.6
1996,29,43.03,50.63
1996,30,42.1,49.66
1996,31,41.17,48.7
1996,32,40.24,47.73
1996,33,39.31,46.77
1996,34,38.39,45.8
1996,35,37.47,44.84
1996,36,36.56,43.88
1996,37,35.65,42.92
1996,38,34.74,41.97
1996,39,33.85,41.01
1996,40,32.96,40.06
1996,41,32.08,39.11
1996,42,31.2,38.16
1996,43,30.34,37.22
1996,44,29.48,36.28
1996,45,28.63,35.34
1996,46,27.78,34.41
1996,47,26.95,33.48
1996,48,26.12,32.55
1996,49,25.3,31.63
1996,50,24.49,30.71
1996,51,23.69,29.79
1996,52,22.9,28.89
1996,53,22.11,27.98
1996,54,21.34,27.09
1996,55,20.58,26.2
1996,56,19.83,25.31
1996,57,19.1,24.42
1996,58,18.37,23.55
1996,59,17.65,22.67
1996,60,16.95,21.81
1996,61,16.26,20.96
1996,62,15.58,20.12
1996,63,14.91,19.28
1996,64,14.25,18.46
1996,65,13.61,17.65
1996,66,12.98,16.86
1996,67,12.37,16.08
1996,68,11.78,15.31
1996,69,11.2,14.56
1996,70,10.65,13.83
1996,71,10.11,13.12
1996,72,9.6,12.43
1996,73,9.1,11.77
1996,74,8.63,11.13
1996,75,8.17,10.51
1996,76,7.73,9.92
1996,77,7.31,9.35
1996,78,6.9,8.81
1996,79,6.52,8.29
1996,80,6.15,7.8
1996,81,5.81,7.34
1996,82,5.48,6.9
1996,83,5.17,6.48
1996,84,4.87,6.08
1996,85,4.6,5.71
1996,86,4.33,5.35
1996,87,4.08,5.02
1996,88,3.84,4.7
1996,89,3.61,4.41
1996,90,3.4,4.13
1996,91,3.2,3.87
1996,92,3.01,3.62
1996,93,2.83,3.39
1996,94,2.66,3.18
1996,95,2.5,2.98
1996,96,2.34,2.79
1996,97,2.2,2.61
1996,98,2.07,2.45
1996,99,1.94,2.3
1996,100,1.82,2.16
1997,0,70.71,78.66
1997,1,70.24,78.21
1997,2,69.31,77.28
1997,3,68.34,76.31
1997,4,67.38,75.34
1997,5,66.41,74.37
1997,6,65.44,73.39
1997,7,64.46,72.41
1997,8,63.49,71.43
1997,9,62.51,70.45
1997,10,61.53,69.46
1997,11,60.55,68.47
1997,12,59.56,67.49
1997,13,58.58,66.5
1997,14,57.6,65.52
1997,15,56.63,64.54
1997,16,55.67,63.56
1997,17,54.71,62.58
1997,18,53.76,61.61
1997,19,52.82,60.64
1997,20,51.89,59.67
1997,21,50.95,58.7
1997,22,50,57.73
1997,23,49.06,56.76
1997,24,48.12,55.79
1997,25,47.18,54.81
1997,26,46.24,53.84
1997,27,45.3,52.87
1997,28,44.36,51.9
1997,29,43.42,50.93
1997,30,42.48,49.96
1997,31,41.55,49
1997,32,40.61,48.03
1997,33,39.68,47.06
1997,34,38.76,46.1
1997,35,37.83,45.14
1997,36,36.92,44.18
1997,37,36,43.22
1997,38,35.1,42.26
1997,39,34.19,41.31
1997,40,33.3,40.35
1997,41,32.41,39.4
1997,42,31.53,38.45
1997,43,30.66,37.51
1997,44,29.8,36.56
1997,45,28.94,35.62
1997,46,28.09,34.69
1997,47,27.26,33.75
1997,48,26.43,32.82
1997,49,25.61,31.9
1997,50,24.79,30.98
1997,51,23.99,30.06
1997,52,23.19,29.15
1997,53,22.4,28.25
1997,54,21.62,27.35
1997,55,20.85,26.45
1997,56,20.1,25.56
1997,57,19.35,24.67
1997,58,18.62,23.79
1997,59,17.89,22.91
1997,60,17.18,22.04
1997,61,16.48,21.18
1997,62,15.79,20.33
1997,63,15.11,19.49
1997,64,14.45,18.67
1997,65,13.8,17.85
1997,66,13.16,17.05
1997,67,12.54,16.26
1997,68,11.94,15.49
1997,69,11.36,14.73
1997,70,10.79,14
1997,71,10.25,13.28
1997,72,9.73,12.59
1997,73,9.22,11.92
1997,74,8.74,11.27
1997,75,8.28,10.65
1997,76,7.83,10.05
1997,77,7.41,9.48
1997,78,7,8.93
1997,79,6.61,8.41
1997,80,6.24,7.92
1997,81,5.89,7.44
1997,82,5.56,7
1997,83,5.25,6.57
1997,84,4.95,6.17
1997,85,4.67,5.79
1997,86,4.4,5.43
1997,87,4.14,5.09
1997,88,3.9,4.77
1997,89,3.67,4.47
1997,90,3.45,4.19
1997,91,3.25,3.92
1997,92,3.05,3.67
1997,93,2.87,3.44
1997,94,2.7,3.22
1997,95,2.53,3.02
1997,96,2.38,2.83
1997,97,2.23,2.65
1997,98,2.09,2.48
1997,99,1.96,2.33
1997,100,1.84,2.18
1998,0,71.25,78.99
1998,1,70.73,78.5
1998,2,69.79,77.57
1998,3,68.83,76.6
1998,4,67.86,75.63
1998,5,66.88,74.65
1998,6,65.91,73.67
1998,7,64.94,72.69
1998,8,63.96,71.71
1998,9,62.98,70.72
1998,10,62,69.74
1998,11,61.01,68.75
1998,12,60.03,67.76
1998,13,59.04,66.77
1998,14,58.06,65.79
1998,15,57.08,64.8
1998,16,56.12,63.82
1998,17,55.15,62.84
1998,18,54.2,61.87
1998,19,53.25,60.9
1998,20,52.31,59.92
1998,21,51.36,58.95
1998,22,50.41,57.98
1998,23,49.46,57
1998,24,48.52,56.03
1998,25,47.57,55.06
1998,26,46.62,54.08
1998,27,45.68,53.11
1998,28,44.73,52.14
1998,29,43.79,51.17
1998,30,42.85,50.2
1998,31,41.91,49.23
1998,32,40.97,48.26
1998,33,40.03,47.29
1998,34,39.1,46.33
1998,35,38.17,45.36
1998,36,37.25,44.4
1998,37,36.33,43.44
1998,38,35.42,42.48
1998,39,34.51,41.52
1998,40,33.61,40.57
1998,41,32.72,39.62
1998,42,31.83,38.66
1998,43,30.96,37.72
1998,44,30.09,36.77
1998,45,29.23,35.83
1998,46,28.38,34.89
1998,47,27.54,33.95
1998,48,26.7,33.02
1998,49,25.88,32.09
1998,50,25.06,31.17
1998,51,24.25,30.25
1998,52,23.44,29.33
1998,53,22.65,28.42
1998,54,21.86,27.52
1998,55,21.08,26.62
1998,56,20.32,25.72
1998,57,19.56,24.82
1998,58,18.82,23.94
1998,59,18.09,23.06
1998,60,17.37,22.18
1998,61,16.66,21.32
1998,62,15.97,20.46
1998,63,15.29,19.62
1998,64,14.62,18.78
1998,65,13.96,17.96
1998,66,13.32,17.15
1998,67,12.69,16.36
1998,68,12.08,15.58
1998,69,11.49,14.81
1998,70,10.91,14.07
1998,71,10.36,13.35
1998,72,9.82,12.65
1998,73,9.31,11.97
1998,74,8.82,11.31
1998,75,8.34,10.68
1998,76,7.89,10.07
1998,77,7.46,9.5
1998,78,7.05,8.94
1998,79,6.65,8.41
1998,80,6.28,7.91
1998,81,5.92,7.44
1998,82,5.59,6.98
1998,83,5.27,6.56
1998,84,4.97,6.15
1998,85,4.68,5.77
1998,86,4.41,5.4
1998,87,4.15,5.06
1998,88,3.91,4.74
1998,89,3.68,4.44
1998,90,3.46,4.16
1998,91,3.25,3.89
1998,92,3.06,3.64
1998,93,2.87,3.41
1998,94,2.7,3.19
1998,95,2.53,2.99
1998,96,2.38,2.8
1998,97,2.23,2.62
1998,98,2.09,2.45
1998,99,1.96,2.3
1998,100,1.84,2.16
1999,0,71.76,79.23
1999,1,71.2,78.7
1999,2,70.26,77.76
1999,3,69.29,76.79
1999,4,68.32,75.82
1999,5,67.34,74.84
1999,6,66.37,73.86
1999,7,65.39,72.88
1999,8,64.41,71.89
1999,9,63.43,70.91
1999,10,62.44,69.92
1999,11,61.46,68.93
1999,12,60.47,67.94
1999,13,59.48,66.95
1999,14,58.5,65.96
1999,15,57.52,64.98
1999,16,56.55,64
1999,17,55.58,63.02
1999,18,54.62,62.04
1999,19,53.66,61.06
1999,20,52.71,60.09
1999,21,51.76,59.11
1999,22,50.81,58.14
1999,23,49.85,57.16
1999,24,48.9,56.19
1999,25,47.95,55.21
1999,26,47,54.23
1999,27,46.05,53.26
1999,28,45.1,52.29
1999,29,44.15,51.31
1999,30,43.2,50.34
1999,31,42.26,49.37
1999,32,41.31,48.4
1999,33,40.37,47.43
1999,34,39.43,46.46
1999,35,38.5,45.5
1999,36,37.57,44.53
1999,37,36.65,43.57
1999,38,35.73,42.61
1999,39,34.82,41.65
1999,40,33.92,40.69
1999,41,33.02,39.74
1999,42,32.13,38.79
1999,43,31.25,37.84
1999,44,30.38,36.89
1999,45,29.51,35.94
1999,46,28.66,35
1999,47,27.81,34.06
1999,48,26.98,33.13
1999,49,26.15,32.2
1999,50,25.33,31.27
1999,51,24.51,30.34
1999,52,23.7,29.42
1999,53,22.89,28.51
1999,54,22.1,27.6
1999,55,21.31,26.69
1999,56,20.53,25.79
1999,57,19.77,24.89
1999,58,19.02,24
1999,59,18.29,23.11
1999,60,17.56,22.23
1999,61,16.85,21.36
1999,62,16.15,20.5
1999,63,15.46,19.65
1999,64,14.78,18.81
1999,65,14.12,17.98
1999,66,13.47,17.16
1999,67,12.84,16.36
1999,68,12.22,15.57
1999,69,11.61,14.8
1999,70,11.03,14.04
1999,71,10.47,13.31
1999,72,9.92,12.6
1999,73,9.4,11.91
1999,74,8.89,11.24
1999,75,8.41,10.6
1999,76,7.95,9.98
1999,77,7.51,9.39
1999,78,7.09,8.82
1999,79,6.69,8.28
1999,80,6.31,7.77
1999,81,5.96,7.28
1999,82,5.62,6.82
1999,83,5.29,6.39
1999,84,4.99,5.98
1999,85,4.7,5.59
1999,86,4.43,5.23
1999,87,4.16,4.89
1999,88,3.92,4.57
1999,89,3.68,4.27
1999,90,3.46,3.99
1999,91,3.25,3.73
1999,92,3.06,3.49
1999,93,2.87,3.26
1999,94,2.7,3.05
1999,95,2.53,2.85
1999,96,2.37,2.67
1999,97,2.23,2.5
1999,98,2.09,2.35
1999,99,1.96,2.2
1999,100,1.84,2.07
2000,0,72.35,79.67
2000,1,71.77,79.11
2000,2,70.82,78.15
2000,3,69.85,77.18
2000,4,68.88,76.21
2000,5,67.9,75.23
2000,6,66.93,74.25
2000,7,65.95,73.26
2000,8,64.97,72.28
2000,9,63.98,71.29
2000,10,63,70.3
2000,11,62.01,69.31
2000,12,61.02,68.32
2000,13,60.04,67.34
2000,14,59.05,66.35
2000,15,58.07,65.36
2000,16,57.09,64.38
2000,17,56.12,63.4
2000,18,55.15,62.42
2000,19,54.19,61.44
2000,20,53.24,60.46
2000,21,52.28,59.48
2000,22,51.32,58.5
2000,23,50.36,57.53
2000,24,49.41,56.55
2000,25,48.45,55.57
2000,26,47.49,54.6
2000,27,46.54,53.62
2000,28,45.58,52.64
2000,29,44.63,51.67
2000,30,43.68,50.69
2000,31,42.73,49.72
2000,32,41.78,48.75
2000,33,40.83,47.78
2000,34,39.89,46.81
2000,35,38.95,45.84
2000,36,38.02,44.87
2000,37,37.09,43.91
2000,38,36.17,42.95
2000,39,35.26,41.98
2000,40,34.35,41.02
2000,41,33.45,40.07
2000,42,32.55,39.11
2000,43,31.66,38.16
2000,44,30.78,37.21
2000,45,29.91,36.26
2000,46,29.05,35.32
2000,47,28.2,34.38
2000,48,27.35,33.44
2000,49,26.52,32.5
2000,50,25.69,31.57
2000,51,24.86,30.64
2000,52,24.04,29.72
2000,53,23.23,28.8
2000,54,22.43,27.88
2000,55,21.63,26.97
2000,56,20.85,26.07
2000,57,20.07,25.16
2000,58,19.31,24.27
2000,59,18.56,23.38
2000,60,17.82,22.49
2000,61,17.1,21.62
2000,62,16.39,20.75
2000,63,15.69,19.89
2000,64,15.01,19.04
2000,65,14.34,18.2
2000,66,13.68,17.37
2000,67,13.03,16.56
2000,68,12.4,15.76
2000,69,11.79,14.98
2000,70,11.19,14.22
2000,71,10.62,13.47
2000,72,10.06,12.75
2000,73,9.53,12.04
2000,74,9.02,11.37
2000,75,8.53,10.71
2000,76,8.06,10.08
2000,77,7.61,9.47
2000,78,7.18,8.89
2000,79,6.77,8.34
2000,80,6.38,7.81
2000,81,6.01,7.3
2000,82,5.66,6.83
2000,83,5.32,6.38
2000,84,5,5.96
2000,85,4.71,5.57
2000,86,4.43,5.2
2000,87,4.17,4.85
2000,88,3.92,4.53
2000,89,3.69,4.23
2000,90,3.47,3.95
2000,91,3.26,3.69
2000,92,3.06,3.44
2000,93,2.88,3.22
2000,94,2.71,3.01
2000,95,2.55,2.82
2000,96,2.4,2.64
2000,97,2.25,2.47
2000,98,2.12,2.32
2000,99,2,2.18
2000,100,1.88,2.06
2001,0,72.91,80.08
2001,1,72.32,79.49
2001,2,71.36,78.53
2001,3,70.39,77.56
2001,4,69.42,76.58
2001,5,68.44,75.6
2001,6,67.47,74.62
2001,7,66.48,73.63
2001,8,65.5,72.65
2001,9,64.52,71.66
2001,10,63.53,70.67
2001,11,62.54,69.68
2001,12,61.56,68.69
2001,13,60.57,67.7
2001,14,59.58,66.72
2001,15,58.6,65.73
2001,16,57.62,64.74
2001,17,56.64,63.76
2001,18,55.67,62.78
2001,19,54.71,61.8
2001,20,53.74,60.82
2001,21,52.78,59.84
2001,22,51.82,58.86
2001,23,50.85,57.88
2001,24,49.89,56.9
2001,25,48.93,55.92
2001,26,47.97,54.94
2001,27,47.01,53.96
2001,28,46.06,52.99
2001,29,45.1,52.01
2001,30,44.14,51.03
2001,31,43.19,50.06
2001,32,42.23,49.08
2001,33,41.28,48.11
2001,34,40.34,47.14
2001,35,39.4,46.17
2001,36,38.46,45.2
2001,37,37.53,44.23
2001,38,36.6,43.27
2001,39,35.68,42.31
2001,40,34.77,41.34
2001,41,33.86,40.38
2001,42,32.96,39.43
2001,43,32.07,38.47
2001,44,31.18,37.52
2001,45,30.3,36.57
2001,46,29.43,35.62
2001,47,28.57,34.68
2001,48,27.72,33.74
2001,49,26.87,32.8
2001,50,26.04,31.86
2001,51,25.21,30.93
2001,52,24.39,30
2001,53,23.57,29.08
2001,54,22.76,28.16
2001,55,21.95,27.25
2001,56,21.15,26.34
2001,57,20.36,25.43
2001,58,19.59,24.53
2001,59,18.83,23.63
2001,60,18.09,22.75
2001,61,17.35,21.87
2001,62,16.63,20.99
2001,63,15.92,20.12
2001,64,15.23,19.27
2001,65,14.55,18.41
2001,66,13.88,17.58
2001,67,13.23,16.76
2001,68,12.59,15.95
2001,69,11.96,15.16
2001,70,11.36,14.39
2001,71,10.77,13.63
2001,72,10.21,12.89
2001,73,9.66,12.17
2001,74,9.14,11.48
2001,75,8.64,10.82
2001,76,8.16,10.17
2001,77,7.7,9.55
2001,78,7.26,8.96
2001,79,6.85,8.39
2001,80,6.45,7.85
2001,81,6.07,7.33
2001,82,5.7,6.83
2001,83,5.34,6.37
2001,84,5.02,5.94
2001,85,4.72,5.54
2001,86,4.44,5.17
2001,87,4.17,4.82
2001,88,3.92,4.49
2001,89,3.69,4.19
2001,90,3.47,3.9
2001,91,3.26,3.64
2001,92,3.07,3.4
2001,93,2.89,3.18
2001,94,2.72,2.97
2001,95,2.57,2.78
2001,96,2.42,2.61
2001,97,2.28,2.45
2001,98,2.15,2.3
2001,99,2.04,2.17
2001,100,1.93,2.04
2002,0,73.37,80.29
2002,1,72.76,79.67
2002,2,71.8,78.71
2002,3,70.84,77.75
2002,4,69.87,76.77
2002,5,68.89,75.8
2002,6,67.92,74.81
2002,7,66.94,73.83
2002,8,65.95,72.84
2002,9,64.97,71.86
2002,10,63.98,70.87
2002,11,62.99,69.88
2002,12,62,68.89
2002,13,61.01,67.9
2002,14,60.03,66.91
2002,15,59.04,65.92
2002,16,58.06,64.93
2002,17,57.08,63.94
2002,18,56.11,62.96
2002,19,55.14,61.98
2002,20,54.17,60.99
2002,21,53.2,60.01
2002,22,52.24,59.04
2002,23,51.27,58.06
2002,24,50.3,57.08
2002,25,49.34,56.1
2002,26,48.37,55.12
2002,27,47.41,54.14
2002,28,46.45,53.16
2002,29,45.49,52.18
2002,30,44.53,51.2
2002,31,43.57,50.23
2002,32,42.62,49.25
2002,33,41.66,48.28
2002,34,40.71,47.3
2002,35,39.77,46.33
2002,36,38.83,45.36
2002,37,37.89,44.4
2002,38,36.96,43.43
2002,39,36.03,42.47
2002,40,35.11,41.5
2002,41,34.2,40.54
2002,42,33.3,39.58
2002,43,32.41,38.63
2002,44,31.52,37.67
2002,45,30.64,36.72
2002,46,29.76,35.77
2002,47,28.9,34.82
2002,48,28.04,33.88
2002,49,27.19,32.94
2002,50,26.35,32.01
2002,51,25.52,31.08
2002,52,24.69,30.15
2002,53,23.87,29.22
2002,54,23.05,28.29
2002,55,22.24,27.37
2002,56,21.43,26.46
2002,57,20.63,25.54
2002,58,19.85,24.64
2002,59,19.08,23.74
2002,60,18.33,22.86
2002,61,17.6,21.97
2002,62,16.87,21.1
2002,63,16.15,20.23
2002,64,15.44,19.37
2002,65,14.75,18.52
2002,66,14.07,17.68
2002,67,13.41,16.86
2002,68,12.75,16.05
2002,69,12.12,15.25
2002,70,11.5,14.46
2002,71,10.9,13.7
2002,72,10.33,12.95
2002,73,9.77,12.22
2002,74,9.23,11.52
2002,75,8.7,10.85
2002,76,8.2,10.2
2002,77,7.73,9.57
2002,78,7.28,8.98
2002,79,6.85,8.41
2002,80,6.45,7.86
2002,81,6.07,7.35
2002,82,5.7,6.87
2002,83,5.34,6.42
2002,84,5,5.99
2002,85,4.69,5.59
2002,86,4.4,5.22
2002,87,4.13,4.87
2002,88,3.88,4.54
2002,89,3.64,4.23
2002,90,3.42,3.95
2002,91,3.21,3.69
2002,92,3.02,3.45
2002,93,2.84,3.22
2002,94,2.67,3.02
2002,95,2.51,2.82
2002,96,2.37,2.65
2002,97,2.23,2.49
2002,98,2.11,2.34
2002,99,1.99,2.2
2002,100,1.88,2.08
2003,0,73.79,80.75
2003,1,73.2,80.12
2003,2,72.24,79.15
2003,3,71.26,78.18
2003,4,70.29,77.2
2003,5,69.31,76.22
2003,6,68.33,75.24
2003,7,67.35,74.25
2003,8,66.36,73.26
2003,9,65.37,72.27
2003,10,64.39,71.28
2003,11,63.4,70.29
2003,12,62.41,69.3
2003,13,61.42,68.31
2003,14,60.43,67.32
2003,15,59.44,66.33
2003,16,58.46,65.34
2003,17,57.48,64.36
2003,18,56.51,63.37
2003,19,55.54,62.39
2003,20,54.58,61.41
2003,21,53.61,60.43
2003,22,52.65,59.45
2003,23,51.68,58.47
2003,24,50.72,57.49
2003,25,49.76,56.51
2003,26,48.8,55.53
2003,27,47.84,54.55
2003,28,46.88,53.58
2003,29,45.93,52.6
2003,30,44.97,51.63
2003,31,44.01,50.65
2003,32,43.06,49.68
2003,33,42.11,48.7
2003,34,41.16,47.73
2003,35,40.21,46.76
2003,36,39.27,45.79
2003,37,38.34,44.82
2003,38,37.41,43.86
2003,39,36.48,42.89
2003,40,35.57,41.93
2003,41,34.65,40.97
2003,42,33.75,40.01
2003,43,32.85,39.06
2003,44,31.97,38.1
2003,45,31.08,37.15
2003,46,30.21,36.2
2003,47,29.34,35.26
2003,48,28.48,34.31
2003,49,27.63,33.38
2003,50,26.78,32.44
2003,51,25.94,31.51
2003,52,25.12,30.58
2003,53,24.3,29.65
2003,54,23.48,28.73
2003,55,22.67,27.81
2003,56,21.87,26.89
2003,57,21.06,25.98
2003,58,20.27,25.07
2003,59,19.48,24.17
2003,60,18.71,23.27
2003,61,17.96,22.38
2003,62,17.22,21.5
2003,63,16.5,20.62
2003,64,15.78,19.75
2003,65,15.08,18.9
2003,66,14.39,18.05
2003,67,13.71,17.22
2003,68,13.06,16.4
2003,69,12.43,15.6
2003,70,11.81,14.82
2003,71,11.21,14.05
2003,72,10.62,13.3
2003,73,10.05,12.57
2003,74,9.51,11.85
2003,75,8.98,11.17
2003,76,8.47,10.51
2003,77,7.99,9.88
2003,78,7.52,9.28
2003,79,7.07,8.7
2003,80,6.65,8.15
2003,81,6.25,7.63
2003,82,5.87,7.14
2003,83,5.51,6.67
2003,84,5.16,6.24
2003,85,4.84,5.82
2003,86,4.54,5.44
2003,87,4.26,5.08
2003,88,4,4.74
2003,89,3.75,4.42
2003,90,3.52,4.13
2003,91,3.3,3.85
2003,92,3.1,3.6
2003,93,2.91,3.37
2003,94,2.74,3.15
2003,95,2.58,2.95
2003,96,2.42,2.77
2003,97,2.28,2.6
2003,98,2.15,2.44
2003,99,2.03,2.3
2003,100,1.92,2.17
2004,0,74.3,81.23
2004,1,73.67,80.59
2004,2,72.7,79.62
2004,3,71.73,78.65
2004,4,70.75,77.67
2004,5,69.77,76.69
2004,6,68.79,75.7
2004,7,67.8,74.71
2004,8,66.82,73.73
2004,9,65.83,72.74
2004,10,64.85,71.75
2004,11,63.86,70.75
2004,12,62.87,69.76
2004,13,61.88,68.77
2004,14,60.89,67.78
2004,15,59.9,66.79
2004,16,58.92,65.8
2004,17,57.94,64.81
2004,18,56.96,63.82
2004,19,55.99,62.84
2004,20,55.02,61.85
2004,21,54.05,60.87
2004,22,53.08,59.89
2004,23,52.11,58.91
2004,24,51.15,57.93
2004,25,50.18,56.95
2004,26,49.21,55.97
2004,27,48.24,54.99
2004,28,47.28,54.01
2004,29,46.32,53.03
2004,30,45.35,52.05
2004,31,44.39,51.07
2004,32,43.43,50.09
2004,33,42.47,49.12
2004,34,41.51,48.14
2004,35,40.56,47.17
2004,36,39.62,46.2
2004,37,38.67,45.23
2004,38,37.74,44.26
2004,39,36.81,43.3
2004,40,35.88,42.34
2004,41,34.96,41.37
2004,42,34.05,40.41
2004,43,33.15,39.46
2004,44,32.25,38.51
2004,45,31.37,37.56
2004,46,30.49,36.61
2004,47,29.61,35.66
2004,48,28.75,34.72
2004,49,27.89,33.78
2004,50,27.04,32.84
2004,51,26.2,31.9
2004,52,25.37,30.97
2004,53,24.54,30.04
2004,54,23.72,29.11
2004,55,22.91,28.19
2004,56,22.11,27.27
2004,57,21.31,26.35
2004,58,20.51,25.44
2004,59,19.73,24.53
2004,60,18.95,23.63
2004,61,18.18,22.73
2004,62,17.43,21.84
2004,63,16.7,20.96
2004,64,15.98,20.09
2004,65,15.27,19.23
2004,66,14.57,18.38
2004,67,13.9,17.54
2004,68,13.24,16.71
2004,69,12.6,15.9
2004,70,11.98,15.1
2004,71,11.37,14.32
2004,72,10.77,13.56
2004,73,10.2,12.81
2004,74,9.65,12.09
2004,75,9.12,11.39
2004,76,8.61,10.72
2004,77,8.12,10.07
2004,78,7.65,9.45
2004,79,7.2,8.85
2004,80,6.77,8.28
2004,81,6.36,7.73
2004,82,5.98,7.23
2004,83,5.63,6.75
2004,84,5.29,6.3
2004,85,4.97,5.87
2004,86,4.66,5.47
2004,87,4.37,5.1
2004,88,4.1,4.75
2004,89,3.85,4.42
2004,90,3.61,4.12
2004,91,3.39,3.84
2004,92,3.18,3.58
2004,93,2.99,3.34
2004,94,2.81,3.12
2004,95,2.64,2.91
2004,96,2.49,2.73
2004,97,2.34,2.56
2004,98,2.21,2.4
2004,99,2.08,2.26
2004,100,1.96,2.12
2005,0,74.89,81.6
2005,1,74.21,80.93
2005,2,73.24,79.96
2005,3,72.26,78.98
2005,4,71.28,78
2005,5,70.3,77.01
2005,6,69.32,76.02
2005,7,68.33,75.03
2005,8,67.35,74.04
2005,9,66.36,73.05
2005,10,65.37,72.06
2005,11,64.38,71.07
2005,12,63.39,70.08
2005,13,62.4,69.09
2005,14,61.41,68.1
2005,15,60.42,67.11
2005,16,59.44,66.12
2005,17,58.46,65.13
2005,18,57.48,64.15
2005,19,56.51,63.16
2005,20,55.54,62.18
2005,21,54.57,61.2
2005,22,53.6,60.22
2005,23,52.63,59.25
2005,24,51.66,58.27
2005,25,50.69,57.29
2005,26,49.73,56.32
2005,27,48.76,55.34
2005,28,47.8,54.37
2005,29,46.83,53.39
2005,30,45.87,52.41
2005,31,44.91,51.44
2005,32,43.95,50.47
2005,33,43,49.49
2005,34,42.04,48.52
2005,35,41.09,47.55
2005,36,40.14,46.58
2005,37,39.19,45.61
2005,38,38.25,44.64
2005,39,37.31,43.68
2005,40,36.38,42.72
2005,41,35.46,41.76
2005,42,34.54,40.79
2005,43,33.63,39.84
2005,44,32.73,38.88
2005,45,31.83,37.93
2005,46,30.95,36.98
2005,47,30.07,36.03
2005,48,29.2,35.09
2005,49,28.33,34.15
2005,50,27.47,33.21
2005,51,26.62,32.27
2005,52,25.78,31.33
2005,53,24.94,30.4
2005,54,24.12,29.48
2005,55,23.3,28.55
2005,56,22.48,27.63
2005,57,21.67,26.71
2005,58,20.86,25.79
2005,59,20.06,24.88
2005,60,19.27,23.98
2005,61,18.49,23.08
2005,62,17.72,22.19
2005,63,16.97,21.31
2005,64,16.24,20.43
2005,65,15.52,19.56
2005,66,14.82,18.7
2005,67,14.13,17.85
2005,68,13.45,17.02
2005,69,12.8,16.19
2005,70,12.17,15.39
2005,71,11.55,14.6
2005,72,10.95,13.82
2005,73,10.36,13.07
2005,74,9.79,12.34
2005,75,9.24,11.63
2005,76,8.72,10.94
2005,77,8.22,10.28
2005,78,7.74,9.66
2005,79,7.29,9.06
2005,80,6.85,8.48
2005,81,6.44,7.93
2005,82,6.05,7.42
2005,83,5.67,6.93
2005,84,5.32,6.47
2005,85,4.98,6.04
2005,86,4.67,5.63
2005,87,4.37,5.25
2005,88,4.09,4.89
2005,89,3.83,4.56
2005,90,3.59,4.25
2005,91,3.37,3.96
2005,92,3.16,3.69
2005,93,2.96,3.45
2005,94,2.78,3.22
2005,95,2.61,3.01
2005,96,2.46,2.82
2005,97,2.31,2.64
2005,98,2.18,2.48
2005,99,2.06,2.33
2005,100,1.94,2.19
2006,0,75.44,82.12
2006,1,74.75,81.41
2006,2,73.78,80.44
2006,3,72.81,79.46
2006,4,71.83,78.48
2006,5,70.84,77.49
2006,6,69.85,76.51
2006,7,68.87,75.52
2006,8,67.88,74.53
2006,9,66.89,73.54
2006,10,65.9,72.55
2006,11,64.91,71.55
2006,12,63.92,70.56
2006,13,62.93,69.57
2006,14,61.94,68.57
2006,15,60.95,67.58
2006,16,59.97,66.6
2006,17,58.99,65.61
2006,18,58.01,64.62
2006,19,57.04,63.64
2006,20,56.07,62.65
2006,21,55.09,61.67
2006,22,54.12,60.69
2006,23,53.15,59.71
2006,24,52.17,58.73
2006,25,51.2,57.75
2006,26,50.23,56.77
2006,27,49.26,55.79
2006,28,48.3,54.81
2006,29,47.33,53.83
2006,30,46.37,52.85
2006,31,45.4,51.87
2006,32,44.44,50.89
2006,33,43.48,49.92
2006,34,42.52,48.94
2006,35,41.56,47.97
2006,36,40.6,46.99
2006,37,39.65,46.02
2006,38,38.7,45.05
2006,39,37.76,44.08
2006,40,36.82,43.12
2006,41,35.9,42.16
2006,42,34.97,41.19
2006,43,34.06,40.23
2006,44,33.15,39.27
2006,45,32.25,38.32
2006,46,31.35,37.36
2006,47,30.47,36.41
2006,48,29.59,35.46
2006,49,28.72,34.52
2006,50,27.86,33.57
2006,51,27,32.63
2006,52,26.15,31.69
2006,53,25.31,30.76
2006,54,24.47,29.83
2006,55,23.65,28.9
2006,56,22.83,27.98
2006,57,22.02,27.06
2006,58,21.21,26.14
2006,59,20.4,25.22
2006,60,19.6,24.31
2006,61,18.81,23.41
2006,62,18.03,22.51
2006,63,17.26,21.61
2006,64,16.51,20.73
2006,65,15.77,19.85
2006,66,15.05,18.98
2006,67,14.35,18.13
2006,68,13.66,17.29
2006,69,13,16.45
2006,70,12.35,15.64
2006,71,11.72,14.84
2006,72,11.1,14.05
2006,73,10.5,13.28
2006,74,9.92,12.53
2006,75,9.36,11.8
2006,76,8.82,11.09
2006,77,8.3,10.42
2006,78,7.82,9.76
2006,79,7.36,9.14
2006,80,6.92,8.54
2006,81,6.49,7.98
2006,82,6.09,7.44
2006,83,5.7,6.93
2006,84,5.35,6.45
2006,85,5.01,6.01
2006,86,4.69,5.59
2006,87,4.4,5.2
2006,88,4.12,4.83
2006,89,3.86,4.49
2006,90,3.62,4.18
2006,91,3.39,3.88
2006,92,3.18,3.61
2006,93,2.98,3.37
2006,94,2.8,3.14
2006,95,2.63,2.93
2006,96,2.47,2.73
2006,97,2.33,2.56
2006,98,2.19,2.4
2006,99,2.07,2.25
2006,100,1.95,2.12
2007,0,75.86,82.45
2007,1,75.14,81.72
2007,2,74.18,80.75
2007,3,73.2,79.77
2007,4,72.22,78.79
2007,5,71.23,77.8
2007,6,70.25,76.81
2007,7,69.26,75.82
2007,8,68.27,74.83
2007,9,67.28,73.84
2007,10,66.29,72.85
2007,11,65.3,71.85
2007,12,64.31,70.86
2007,13,63.32,69.87
2007,14,62.33,68.88
2007,15,61.34,67.89
2007,16,60.36,66.9
2007,17,59.38,65.91
2007,18,58.41,64.92
2007,19,57.44,63.94
2007,20,56.47,62.95
2007,21,55.5,61.97
2007,22,54.52,61
2007,23,53.55,60.02
2007,24,52.58,59.05
2007,25,51.62,58.08
2007,26,50.65,57.1
2007,27,49.69,56.13
2007,28,48.72,55.16
2007,29,47.76,54.18
2007,30,46.8,53.21
2007,31,45.83,52.24
2007,32,44.87,51.27
2007,33,43.91,50.3
2007,34,42.95,49.33
2007,35,41.99,48.36
2007,36,41.03,47.39
2007,37,40.08,46.42
2007,38,39.13,45.45
2007,39,38.18,44.48
2007,40,37.24,43.52
2007,41,36.31,42.55
2007,42,35.39,41.59
2007,43,34.47,40.63
2007,44,33.56,39.67
2007,45,32.66,38.72
2007,46,31.76,37.77
2007,47,30.87,36.82
2007,48,29.98,35.87
2007,49,29.11,34.92
2007,50,28.24,33.98
2007,51,27.38,33.04
2007,52,26.52,32.1
2007,53,25.67,31.16
2007,54,24.83,30.22
2007,55,23.99,29.29
2007,56,23.17,28.36
2007,57,22.35,27.44
2007,58,21.53,26.51
2007,59,20.73,25.6
2007,60,19.93,24.68
2007,61,19.13,23.78
2007,62,18.34,22.87
2007,63,17.56,21.98
2007,64,16.79,21.09
2007,65,16.05,20.21
2007,66,15.32,19.34
2007,67,14.6,18.48
2007,68,13.91,17.63
2007,69,13.23,16.79
2007,70,12.57,15.97
2007,71,11.93,15.16
2007,72,11.3,14.36
2007,73,10.68,13.59
2007,74,10.09,12.84
2007,75,9.52,12.1
2007,76,8.97,11.39
2007,77,8.46,10.71
2007,78,7.96,10.05
2007,79,7.48,9.42
2007,80,7.02,8.82
2007,81,6.59,8.24
2007,82,6.19,7.69
2007,83,5.8,7.17
2007,84,5.44,6.68
2007,85,5.1,6.22
2007,86,4.78,5.79
2007,87,4.48,5.39
2007,88,4.2,5.01
2007,89,3.93,4.66
2007,90,3.68,4.34
2007,91,3.45,4.03
2007,92,3.24,3.76
2007,93,3.04,3.5
2007,94,2.85,3.26
2007,95,2.67,3.04
2007,96,2.51,2.84
2007,97,2.36,2.66
2007,98,2.22,2.49
2007,99,2.09,2.33
2007,100,1.97,2.19
2008,0,76.25,82.96
2008,1,75.51,82.23
2008,2,74.54,81.26
2008,3,73.57,80.27
2008,4,72.58,79.29
2008,5,71.6,78.3
2008,6,70.61,77.31
2008,7,69.62,76.32
2008,8,68.63,75.33
2008,9,67.64,74.34
2008,10,66.64,73.35
2008,11,65.65,72.35
2008,12,64.66,71.36
2008,13,63.67,70.37
2008,14,62.68,69.38
2008,15,61.69,68.39
2008,16,60.71,67.4
2008,17,59.73,66.41
2008,18,58.75,65.42
2008,19,57.78,64.44
2008,20,56.8,63.45
2008,21,55.83,62.47
2008,22,54.86,61.49
2008,23,53.89,60.51
2008,24,52.92,59.54
2008,25,51.96,58.57
2008,26,50.99,57.59
2008,27,50.03,56.62
2008,28,49.07,55.65
2008,29,48.11,54.67
2008,30,47.14,53.7
2008,31,46.18,52.73
2008,32,45.21,51.76
2008,33,44.25,50.79
2008,34,43.28,49.82
2008,35,42.33,48.84
2008,36,41.37,47.87
2008,37,40.42,46.9
2008,38,39.48,45.94
2008,39,38.53,44.97
2008,40,37.59,44
2008,41,36.66,43.04
2008,42,35.73,42.08
2008,43,34.81,41.12
2008,44,33.9,40.16
2008,45,32.99,39.21
2008,46,32.09,38.26
2008,47,31.2,37.3
2008,48,30.31,36.36
2008,49,29.44,35.41
2008,50,28.57,34.46
2008,51,27.7,33.52
2008,52,26.84,32.58
2008,53,25.98,31.65
2008,54,25.14,30.71
2008,55,24.3,29.78
2008,56,23.47,28.85
2008,57,22.65,27.92
2008,58,21.84,27
2008,59,21.03,26.08
2008,60,20.23,25.17
2008,61,19.43,24.26
2008,62,18.63,23.36
2008,63,17.85,22.46
2008,64,17.07,21.56
2008,65,16.31,20.67
2008,66,15.56,19.79
2008,67,14.84,18.92
2008,68,14.13,18.06
2008,69,13.44,17.22
2008,70,12.76,16.38
2008,71,12.11,15.57
2008,72,11.48,14.77
2008,73,10.87,13.99
2008,74,10.28,13.22
2008,75,9.7,12.47
2008,76,9.14,11.74
2008,77,8.6,11.04
2008,78,8.07,10.36
2008,79,7.58,9.71
2008,80,7.11,9.09
2008,81,6.68,8.5
2008,82,6.27,7.93
2008,83,5.88,7.4
2008,84,5.51,6.89
2008,85,5.16,6.42
2008,86,4.83,5.97
2008,87,4.52,5.56
2008,88,4.23,5.17
2008,89,3.96,4.81
2008,90,3.71,4.47
2008,91,3.47,4.16
2008,92,3.25,3.87
2008,93,3.05,3.6
2008,94,2.86,3.35
2008,95,2.68,3.12
2008,96,2.52,2.91
2008,97,2.36,2.72
2008,98,2.22,2.55
2008,99,2.09,2.39
2008,100,1.97,2.24
2009,0,76.68,83.39
2009,1,75.94,82.64
2009,2,74.96,81.67
2009,3,73.98,80.69
2009,4,72.99,79.71
2009,5,72,78.72
2009,6,71.01,77.73
2009,7,70.02,76.74
2009,8,69.04,75.75
2009,9,68.05,74.75
2009,10,67.06,73.76
2009,11,66.07,72.77
2009,12,65.08,71.77
2009,13,64.09,70.78
2009,14,63.1,69.79
2009,15,62.11,68.8
2009,16,61.13,67.81
2009,17,60.15,66.82
2009,18,59.17,65.84
2009,19,58.2,64.86
2009,20,57.22,63.87
2009,21,56.25,62.89
2009,22,55.28,61.91
2009,23,54.31,60.94
2009,24,53.35,59.96
2009,25,52.38,58.99
2009,26,51.42,58.02
2009,27,50.45,57.05
2009,28,49.49,56.08
2009,29,48.53,55.11
2009,30,47.57,54.14
2009,31,46.61,53.17
2009,32,45.65,52.21
2009,33,44.69,51.24
2009,34,43.74,50.27
2009,35,42.78,49.3
2009,36,41.83,48.33
2009,37,40.88,47.37
2009,38,39.93,46.4
2009,39,38.99,45.44
2009,40,38.05,44.48
2009,41,37.12,43.51
2009,42,36.2,42.55
2009,43,35.28,41.59
2009,44,34.36,40.63
2009,45,33.46,39.68
2009,46,32.55,38.72
2009,47,31.66,37.77
2009,48,30.77,36.82
2009,49,29.89,35.87
2009,50,29.02,34.93
2009,51,28.16,33.99
2009,52,27.3,33.05
2009,53,26.45,32.11
2009,54,25.61,31.17
2009,55,24.78,30.24
2009,56,23.94,29.31
2009,57,23.11,28.38
2009,58,22.29,27.46
2009,59,21.47,26.54
2009,60,20.66,25.62
2009,61,19.86,24.71
2009,62,19.06,23.8
2009,63,18.28,22.9
2009,64,17.5,22.01
2009,65,16.74,21.12
2009,66,15.99,20.23
2009,67,15.25,19.36
2009,68,14.53,18.5
2009,69,13.83,17.65
2009,70,13.14,16.81
2009,71,12.48,15.99
2009,72,11.83,15.18
2009,73,11.21,14.39
2009,74,10.6,13.61
2009,75,10.01,12.86
2009,76,9.43,12.13
2009,77,8.88,11.42
2009,78,8.35,10.74
2009,79,7.85,10.08
2009,80,7.38,9.45
2009,81,6.93,8.84
2009,82,6.5,8.26
2009,83,6.1,7.72
2009,84,5.72,7.2
2009,85,5.36,6.71
2009,86,5.02,6.25
2009,87,4.71,5.82
2009,88,4.41,5.41
2009,89,4.13,5.04
2009,90,3.87,4.68
2009,91,3.62,4.36
2009,92,3.39,4.05
2009,93,3.18,3.77
2009,94,2.98,3.51
2009,95,2.8,3.27
2009,96,2.62,3.05
2009,97,2.46,2.85
2009,98,2.32,2.66
2009,99,2.18,2.49
2009,100,2.05,2.34
2010,0,76.84,83.63
2010,1,76.12,82.87
2010,2,75.15,81.89
2010,3,74.17,80.91
2010,4,73.18,79.92
2010,5,72.19,78.93
2010,6,71.2,77.94
2010,7,70.21,76.94
2010,8,69.22,75.95
2010,9,68.23,74.95
2010,10,67.24,73.96
2010,11,66.24,72.97
2010,12,65.25,71.97
2010,13,64.26,70.98
2010,14,63.27,69.99
2010,15,62.28,69
2010,16,61.3,68.01
2010,17,60.32,67.02
2010,18,59.34,66.03
2010,19,58.37,65.05
2010,20,57.4,64.06
2010,21,56.43,63.08
2010,22,55.45,62.1
2010,23,54.49,61.12
2010,24,53.52,60.14
2010,25,52.55,59.17
2010,26,51.59,58.19
2010,27,50.63,57.22
2010,28,49.67,56.25
2010,29,48.7,55.27
2010,30,47.74,54.3
2010,31,46.78,53.33
2010,32,45.82,52.36
2010,33,44.86,51.39
2010,34,43.91,50.41
2010,35,42.95,49.44
2010,36,42,48.47
2010,37,41.04,47.51
2010,38,40.1,46.54
2010,39,39.15,45.57
2010,40,38.21,44.61
2010,41,37.27,43.65
2010,42,36.35,42.69
2010,43,35.43,41.72
2010,44,34.51,40.76
2010,45,33.6,39.81
2010,46,32.7,38.85
2010,47,31.8,37.9
2010,48,30.91,36.95
2010,49,30.03,36.01
2010,50,29.16,35.06
2010,51,28.29,34.12
2010,52,27.42,33.18
2010,53,26.57,32.24
2010,54,25.72,31.31
2010,55,24.88,30.37
2010,56,24.04,29.44
2010,57,23.21,28.51
2010,58,22.39,27.58
2010,59,21.57,26.65
2010,60,20.77,25.73
2010,61,19.97,24.82
2010,62,19.18,23.91
2010,63,18.39,23
2010,64,17.6,22.11
2010,65,16.83,21.21
2010,66,16.06,20.33
2010,67,15.32,19.45
2010,68,14.58,18.59
2010,69,13.87,17.74
2010,70,13.17,16.9
2010,71,12.5,16.07
2010,72,11.85,15.25
2010,73,11.21,14.45
2010,74,10.6,13.67
2010,75,10,12.91
2010,76,9.43,12.17
2010,77,8.88,11.46
2010,78,8.35,10.77
2010,79,7.85,10.1
2010,80,7.38,9.47
2010,81,6.92,8.86
2010,82,6.49,8.28
2010,83,6.08,7.73
2010,84,5.69,7.21
2010,85,5.33,6.72
2010,86,4.99,6.26
2010,87,4.68,5.83
2010,88,4.38,5.42
2010,89,4.1,5.04
2010,90,3.83,4.69
2010,91,3.59,4.36
2010,92,3.36,4.06
2010,93,3.15,3.78
2010,94,2.95,3.51
2010,95,2.77,3.27
2010,96,2.59,3.05
2010,97,2.44,2.85
2010,98,2.29,2.66
2010,99,2.15,2.49
2010,100,2.03,2.34
2011,0,77.26,83.97
2011,1,76.52,83.2
2011,2,75.55,82.22
2011,3,74.57,81.24
2011,4,73.58,80.25
2011,5,72.59,79.26
2011,6,71.6,78.27
2011,7,70.61,77.28
2011,8,69.62,76.29
2011,9,68.62,75.29
2011,10,67.63,74.3
2011,11,66.64,73.3
2011,12,65.64,72.31
2011,13,64.65,71.32
2011,14,63.66,70.33
2011,15,62.68,69.34
2011,16,61.69,68.35
2011,17,60.71,67.36
2011,18,59.74,66.37
2011,19,58.76,65.38
2011,20,57.79,64.4
2011,21,56.81,63.41
2011,22,55.84,62.43
2011,23,54.87,61.45
2011,24,53.9,60.47
2011,25,52.93,59.49
2011,26,51.97,58.51
2011,27,51.01,57.54
2011,28,50.04,56.56
2011,29,49.08,55.59
2011,30,48.12,54.61
2011,31,47.16,53.64
2011,32,46.2,52.67
2011,33,45.24,51.7
2011,34,44.28,50.73
2011,35,43.32,49.76
2011,36,42.37,48.79
2011,37,41.41,47.82
2011,38,40.46,46.85
2011,39,39.52,45.88
2011,40,38.57,44.91
2011,41,37.64,43.95
2011,42,36.7,42.99
2011,43,35.77,42.03
2011,44,34.85,41.07
2011,45,33.94,40.11
2011,46,33.03,39.15
2011,47,32.13,38.2
2011,48,31.23,37.25
2011,49,30.34,36.3
2011,50,29.47,35.35
2011,51,28.6,34.41
2011,52,27.73,33.46
2011,53,26.88,32.52
2011,54,26.02,31.58
2011,55,25.18,30.64
2011,56,24.33,29.71
2011,57,23.5,28.77
2011,58,22.67,27.84
2011,59,21.85,26.92
2011,60,21.04,25.99
2011,61,20.23,25.08
2011,62,19.43,24.16
2011,63,18.64,23.26
2011,64,17.85,22.35
2011,65,17.06,21.46
2011,66,16.28,20.57
2011,67,15.52,19.69
2011,68,14.77,18.81
2011,69,14.05,17.95
2011,70,13.34,17.1
2011,71,12.66,16.26
2011,72,12,15.43
2011,73,11.35,14.62
2011,74,10.73,13.82
2011,75,10.12,13.05
2011,76,9.53,12.29
2011,77,8.97,11.56
2011,78,8.42,10.86
2011,79,7.89,10.17
2011,80,7.39,9.51
2011,81,6.91,8.88
2011,82,6.45,8.28
2011,83,6.02,7.71
2011,84,5.62,7.18
2011,85,5.25,6.67
2011,86,4.9,6.2
2011,87,4.57,5.75
2011,88,4.27,5.34
2011,89,3.98,4.95
2011,90,3.71,4.59
2011,91,3.47,4.25
2011,92,3.24,3.95
2011,93,3.02,3.66
2011,94,2.83,3.4
2011,95,2.64,3.16
2011,96,2.47,2.94
2011,97,2.32,2.74
2011,98,2.17,2.55
2011,99,2.04,2.39
2011,100,1.92,2.23
2012,0,77.57,84.17
2012,1,76.81,83.39
2012,2,75.84,82.42
2012,3,74.86,81.43
2012,4,73.87,80.44
2012,5,72.88,79.45
2012,6,71.89,78.46
2012,7,70.9,77.47
2012,8,69.91,76.48
2012,9,68.92,75.48
2012,10,67.93,74.49
2012,11,66.93,73.5
2012,12,65.94,72.5
2012,13,64.95,71.51
2012,14,63.96,70.51
2012,15,62.97,69.52
2012,16,61.98,68.53
2012,17,61,67.54
2012,18,60.02,66.56
2012,19,59.04,65.57
2012,20,58.06,64.58
2012,21,57.09,63.6
2012,22,56.12,62.61
2012,23,55.14,61.63
2012,24,54.17,60.64
2012,25,53.21,59.66
2012,26,52.24,58.68
2012,27,51.27,57.7
2012,28,50.3,56.72
2012,29,49.34,55.74
2012,30,48.37,54.77
2012,31,47.4,53.79
2012,32,46.44,52.82
2012,33,45.48,51.85
2012,34,44.52,50.87
2012,35,43.57,49.9
2012,36,42.61,48.93
2012,37,41.66,47.96
2012,38,40.7,46.98
2012,39,39.76,46.01
2012,40,38.81,45.04
2012,41,37.87,44.08
2012,42,36.93,43.11
2012,43,36,42.15
2012,44,35.07,41.19
2012,45,34.15,40.23
2012,46,33.24,39.28
2012,47,32.34,38.32
2012,48,31.44,37.37
2012,49,30.55,36.42
2012,50,29.67,35.47
2012,51,28.79,34.52
2012,52,27.92,33.58
2012,53,27.06,32.63
2012,54,26.2,31.69
2012,55,25.35,30.75
2012,56,24.5,29.82
2012,57,23.66,28.88
2012,58,22.83,27.95
2012,59,22,27.02
2012,60,21.18,26.09
2012,61,20.36,25.17
2012,62,19.56,24.25
2012,63,18.76,23.33
2012,64,17.97,22.42
2012,65,17.18,21.52
2012,66,16.4,20.62
2012,67,15.63,19.73
2012,68,14.87,18.85
2012,69,14.13,17.98
2012,70,13.42,17.12
2012,71,12.72,16.28
2012,72,12.05,15.45
2012,73,11.39,14.64
2012,74,10.76,13.85
2012,75,10.15,13.07
2012,76,9.56,12.32
2012,77,9,11.58
2012,78,8.45,10.87
2012,79,7.93,10.18
2012,80,7.43,9.52
2012,81,6.97,8.89
2012,82,6.52,8.29
2012,83,6.1,7.72
2012,84,5.7,7.18
2012,85,5.32,6.68
2012,86,4.97,6.2
2012,87,4.64,5.76
2012,88,4.33,5.34
2012,89,4.04,4.95
2012,90,3.77,4.59
2012,91,3.52,4.25
2012,92,3.29,3.95
2012,93,3.08,3.66
2012,94,2.88,3.4
2012,95,2.69,3.16
2012,96,2.52,2.94
2012,97,2.36,2.74
2012,98,2.22,2.55
2012,99,2.08,2.39
2012,100,1.96,2.23
2013,0,78.12,84.6
2013,1,77.36,83.84
2013,2,76.38,82.86
2013,3,75.4,81.87
2013,4,74.41,80.88
2013,5,73.43,79.89
2013,6,72.44,78.9
2013,7,71.45,77.91
2013,8,70.46,76.91
2013,9,69.46,75.92
2013,10,68.47,74.93
2013,11,67.48,73.93
2013,12,66.48,72.93
2013,13,65.49,71.94
2013,14,64.5,70.94
2013,15,63.51,69.95
2013,16,62.52,68.96
2013,17,61.54,67.97
2013,18,60.56,66.98
2013,19,59.58,65.99
2013,20,58.6,65
2013,21,57.62,64.02
2013,22,56.65,63.03
2013,23,55.68,62.05
2013,24,54.7,61.06
2013,25,53.73,60.08
2013,26,52.77,59.1
2013,27,51.8,58.12
2013,28,50.83,57.14
2013,29,49.86,56.16
2013,30,48.89,55.18
2013,31,47.93,54.21
2013,32,46.96,53.23
2013,33,46,52.26
2013,34,45.04,51.28
2013,35,44.09,50.31
2013,36,43.13,49.34
2013,37,42.17,48.37
2013,38,41.22,47.4
2013,39,40.27,46.43
2013,40,39.33,45.46
2013,41,38.39,44.5
2013,42,37.45,43.53
2013,43,36.52,42.57
2013,44,35.59,41.61
2013,45,34.67,40.65
2013,46,33.76,39.69
2013,47,32.85,38.74
2013,48,31.95,37.78
2013,49,31.06,36.83
2013,50,30.17,35.88
2013,51,29.29,34.94
2013,52,28.41,33.99
2013,53,27.55,33.05
2013,54,26.69,32.11
2013,55,25.83,31.17
2013,56,24.98,30.24
2013,57,24.14,29.3
2013,58,23.3,28.37
2013,59,22.47,27.44
2013,60,21.65,26.51
2013,61,20.83,25.58
2013,62,20.02,24.66
2013,63,19.22,23.75
2013,64,18.43,22.84
2013,65,17.63,21.94
2013,66,16.84,21.04
2013,67,16.06,20.15
2013,68,15.3,19.26
2013,69,14.55,18.39
2013,70,13.82,17.53
2013,71,13.11,16.68
2013,72,12.42,15.85
2013,73,11.76,15.03
2013,74,11.11,14.23
2013,75,10.49,13.45
2013,76,9.89,12.68
2013,77,9.31,11.93
2013,78,8.76,11.21
2013,79,8.23,10.52
2013,80,7.72,9.86
2013,81,7.24,9.22
2013,82,6.78,8.6
2013,83,6.34,8.02
2013,84,5.93,7.47
2013,85,5.55,6.95
2013,86,5.18,6.46
2013,87,4.84,6
2013,88,4.52,5.57
2013,89,4.22,5.17
2013,90,3.94,4.8
2013,91,3.68,4.45
2013,92,3.44,4.13
2013,93,3.21,3.83
2013,94,3,3.56
2013,95,2.81,3.31
2013,96,2.63,3.08
2013,97,2.46,2.87
2013,98,2.31,2.67
2013,99,2.17,2.5
2013,100,2.04,2.34
2014,0,78.58,85.02
2014,1,77.83,84.25
2014,2,76.85,83.28
2014,3,75.86,82.29
2014,4,74.87,81.3
2014,5,73.88,80.31
2014,6,72.89,79.31
2014,7,71.89,78.32
2014,8,70.9,77.33
2014,9,69.91,76.33
2014,10,68.91,75.34
2014,11,67.92,74.34
2014,12,66.92,73.35
2014,13,65.93,72.35
2014,14,64.94,71.36
2014,15,63.95,70.36
2014,16,62.96,69.37
2014,17,61.98,68.39
2014,18,61,67.4
2014,19,60.02,66.41
2014,20,59.04,65.43
2014,21,58.07,64.44
2014,22,57.09,63.45
2014,23,56.11,62.47
2014,24,55.14,61.48
2014,25,54.17,60.5
2014,26,53.19,59.51
2014,27,52.22,58.53
2014,28,51.25,57.55
2014,29,50.28,56.57
2014,30,49.32,55.59
2014,31,48.35,54.61
2014,32,47.39,53.63
2014,33,46.43,52.66
2014,34,45.47,51.69
2014,35,44.51,50.71
2014,36,43.55,49.74
2014,37,42.59,48.77
2014,38,41.64,47.8
2014,39,40.69,46.83
2014,40,39.74,45.87
2014,41,38.8,44.9
2014,42,37.86,43.93
2014,43,36.92,42.97
2014,44,35.99,42.01
2014,45,35.07,41.04
2014,46,34.15,40.09
2014,47,33.24,39.13
2014,48,32.33,38.17
2014,49,31.43,37.22
2014,50,30.54,36.27
2014,51,29.66,35.32
2014,52,28.78,34.38
2014,53,27.91,33.43
2014,54,27.05,32.49
2014,55,26.19,31.55
2014,56,25.34,30.61
2014,57,24.49,29.68
2014,58,23.65,28.74
2014,59,22.81,27.81
2014,60,21.98,26.89
2014,61,21.16,25.96
2014,62,20.34,25.04
2014,63,19.53,24.12
2014,64,18.73,23.21
2014,65,17.93,22.3
2014,66,17.15,21.39
2014,67,16.37,20.5
2014,68,15.6,19.61
2014,69,14.83,18.73
2014,70,14.09,17.86
2014,71,13.37,17
2014,72,12.66,16.16
2014,73,11.98,15.33
2014,74,11.32,14.52
2014,75,10.68,13.72
2014,76,10.07,12.95
2014,77,9.48,12.19
2014,78,8.91,11.46
2014,79,8.36,10.75
2014,80,7.84,10.07
2014,81,7.35,9.42
2014,82,6.88,8.81
2014,83,6.44,8.22
2014,84,6.02,7.66
2014,85,5.63,7.13
2014,86,5.26,6.63
2014,87,4.91,6.16
2014,88,4.59,5.72
2014,89,4.28,5.31
2014,90,4,4.93
2014,91,3.73,4.58
2014,92,3.49,4.25
2014,93,3.26,3.94
2014,94,3.04,3.66
2014,95,2.84,3.4
2014,96,2.66,3.16
2014,97,2.49,2.94
2014,98,2.33,2.74
2014,99,2.19,2.56
2014,100,2.05,2.39
2015,0,78.96,85.17
2015,1,78.19,84.38
2015,2,77.21,83.4
2015,3,76.23,82.41
2015,4,75.24,81.42
2015,5,74.25,80.43
2015,6,73.26,79.43
2015,7,72.26,78.44
2015,8,71.27,77.44
2015,9,70.28,76.45
2015,10,69.28,75.45
2015,11,68.29,74.46
2015,12,67.3,73.46
2015,13,66.3,72.47
2015,14,65.31,71.47
2015,15,64.32,70.48
2015,16,63.33,69.48
2015,17,62.34,68.49
2015,18,61.36,67.5
2015,19,60.38,66.52
2015,20,59.4,65.53
2015,21,58.42,64.54
2015,22,57.44,63.55
2015,23,56.47,62.57
2015,24,55.49,61.58
2015,25,54.52,60.6
2015,26,53.55,59.62
2015,27,52.58,58.64
2015,28,51.61,57.66
2015,29,50.64,56.68
2015,30,49.68,55.7
2015,31,48.71,54.72
2015,32,47.74,53.74
2015,33,46.77,52.77
2015,34,45.81,51.8
2015,35,44.85,50.82
2015,36,43.89,49.85
2015,37,42.93,48.88
2015,38,41.97,47.91
2015,39,41.01,46.94
2015,40,40.06,45.97
2015,41,39.12,45
2015,42,38.17,44.04
2015,43,37.24,43.07
2015,44,36.3,42.11
2015,45,35.37,41.15
2015,46,34.45,40.19
2015,47,33.53,39.23
2015,48,32.62,38.28
2015,49,31.72,37.32
2015,50,30.83,36.37
2015,51,29.94,35.42
2015,52,29.06,34.47
2015,53,28.19,33.53
2015,54,27.32,32.58
2015,55,26.45,31.63
2015,56,25.59,30.69
2015,57,24.74,29.75
2015,58,23.89,28.82
2015,59,23.05,27.88
2015,60,22.21,26.95
2015,61,21.38,26.02
2015,62,20.56,25.1
2015,63,19.75,24.18
2015,64,18.95,23.26
2015,65,18.15,22.35
2015,66,17.36,21.45
2015,67,16.58,20.54
2015,68,15.81,19.65
2015,69,15.05,18.77
2015,70,14.29,17.89
2015,71,13.56,17.03
2015,72,12.84,16.18
2015,73,12.15,15.35
2015,74,11.48,14.54
2015,75,10.83,13.74
2015,76,10.21,12.96
2015,77,9.61,12.2
2015,78,9.04,11.46
2015,79,8.49,10.75
2015,80,7.97,10.06
2015,81,7.48,9.4
2015,82,7,8.76
2015,83,6.55,8.16
2015,84,6.13,7.59
2015,85,5.72,7.06
2015,86,5.34,6.55
2015,87,4.99,6.07
2015,88,4.66,5.63
2015,89,4.34,5.21
2015,90,4.05,4.83
2015,91,3.78,4.47
2015,92,3.53,4.14
2015,93,3.3,3.83
2015,94,3.08,3.55
2015,95,2.88,3.3
2015,96,2.69,3.06
2015,97,2.52,2.85
2015,98,2.36,2.65
2015,99,2.22,2.47
2015,100,2.08,2.31
2016,0,79.3,85.41
2016,1,78.55,84.63
2016,2,77.57,83.64
2016,3,76.58,82.65
2016,4,75.59,81.66
2016,5,74.6,80.67
2016,6,73.61,79.68
2016,7,72.62,78.68
2016,8,71.62,77.69
2016,9,70.63,76.7
2016,10,69.64,75.7
2016,11,68.64,74.71
2016,12,67.65,73.71
2016,13,66.66,72.72
2016,14,65.66,71.72
2016,15,64.67,70.73
2016,16,63.68,69.73
2016,17,62.69,68.74
2016,18,61.71,67.75
2016,19,60.73,66.76
2016,20,59.76,65.78
2016,21,58.78,64.79
2016,22,57.8,63.81
2016,23,56.82,62.82
2016,24,55.84,61.84
2016,25,54.87,60.85
2016,26,53.9,59.87
2016,27,52.93,58.89
2016,28,51.96,57.9
2016,29,50.99,56.92
2016,30,50.02,55.94
2016,31,49.05,54.96
2016,32,48.08,53.98
2016,33,47.12,53
2016,34,46.15,52.03
2016,35,45.19,51.06
2016,36,44.23,50.08
2016,37,43.27,49.11
2016,38,42.31,48.14
2016,39,41.35,47.17
2016,40,40.4,46.2
2016,41,39.45,45.23
2016,42,38.51,44.27
2016,43,37.57,43.3
2016,44,36.64,42.34
2016,45,35.71,41.37
2016,46,34.78,40.41
2016,47,33.86,39.45
2016,48,32.95,38.5
2016,49,32.04,37.54
2016,50,31.14,36.59
2016,51,30.25,35.64
2016,52,29.36,34.69
2016,53,28.48,33.74
2016,54,27.61,32.8
2016,55,26.74,31.86
2016,56,25.87,30.92
2016,57,25.01,29.98
2016,58,24.16,29.04
2016,59,23.32,28.11
2016,60,22.48,27.18
2016,61,21.65,26.25
2016,62,20.83,25.33
2016,63,20.01,24.41
2016,64,19.2,23.49
2016,65,18.39,22.58
2016,66,17.6,21.67
2016,67,16.81,20.77
2016,68,16.04,19.88
2016,69,15.27,18.99
2016,70,14.51,18.11
2016,71,13.77,17.24
2016,72,13.04,16.39
2016,73,12.33,15.54
2016,74,11.65,14.72
2016,75,10.99,13.91
2016,76,10.36,13.12
2016,77,9.74,12.36
2016,78,9.16,11.61
2016,79,8.6,10.89
2016,80,8.07,10.19
2016,81,7.56,9.52
2016,82,7.08,8.88
2016,83,6.63,8.27
2016,84,6.2,7.69
2016,85,5.79,7.14
2016,86,5.41,6.63
2016,87,5.05,6.15
2016,88,4.71,5.69
2016,89,4.4,5.27
2016,90,4.1,4.88
2016,91,3.83,4.52
2016,92,3.57,4.18
2016,93,3.33,3.87
2016,94,3.11,3.58
2016,95,2.91,3.32
2016,96,2.72,3.08
2016,97,2.54,2.86
2016,98,2.38,2.66
2016,99,2.23,2.48
2016,100,2.09,2.32
2017,0,79.67,85.71
2017,1,78.91,84.92
2017,2,77.93,83.93
2017,3,76.94,82.95
2017,4,75.95,81.96
2017,5,74.96,80.96
2017,6,73.97,79.97
2017,7,72.98,78.98
2017,8,71.99,77.98
2017,9,70.99,76.99
2017,10,70,75.99
2017,11,69,75
2017,12,68.01,74
2017,13,67.02,73.01
2017,14,66.02,72.01
2017,15,65.03,71.02
2017,16,64.04,70.02
2017,17,63.06,69.03
2017,18,62.07,68.04
2017,19,61.09,67.05
2017,20,60.11,66.07
2017,21,59.13,65.08
2017,22,58.15,64.09
2017,23,57.18,63.1
2017,24,56.2,62.12
2017,25,55.23,61.13
2017,26,54.26,60.15
2017,27,53.28,59.16
2017,28,52.31,58.18
2017,29,51.35,57.2
2017,30,50.38,56.21
2017,31,49.41,55.23
2017,32,48.44,54.25
2017,33,47.47,53.28
2017,34,46.5,52.3
2017,35,45.54,51.32
2017,36,44.58,50.35
2017,37,43.61,49.38
2017,38,42.66,48.4
2017,39,41.7,47.43
2017,40,40.75,46.46
2017,41,39.8,45.49
2017,42,38.85,44.52
2017,43,37.9,43.56
2017,44,36.96,42.59
2017,45,36.03,41.63
2017,46,35.1,40.67
2017,47,34.18,39.71
2017,48,33.26,38.75
2017,49,32.35,37.8
2017,50,31.45,36.84
2017,51,30.55,35.89
2017,52,29.66,34.94
2017,53,28.78,33.99
2017,54,27.9,33.04
2017,55,27.02,32.09
2017,56,26.16,31.15
2017,57,25.3,30.2
2017,58,24.45,29.26
2017,59,23.6,28.32
2017,60,22.76,27.38
2017,61,21.92,26.45
2017,62,21.09,25.52
2017,63,20.26,24.59
2017,64,19.44,23.67
2017,65,18.63,22.75
2017,66,17.83,21.84
2017,67,17.04,20.93
2017,68,16.26,20.03
2017,69,15.48,19.14
2017,70,14.72,18.25
2017,71,13.96,17.38
2017,72,13.21,16.51
2017,73,12.49,15.66
2017,74,11.79,14.83
2017,75,11.11,14.01
2017,76,10.46,13.22
2017,77,9.84,12.44
2017,78,9.23,11.68
2017,79,8.65,10.95
2017,80,8.1,10.23
2017,81,7.58,9.55
2017,82,7.08,8.89
2017,83,6.61,8.27
2017,84,6.17,7.68
2017,85,5.75,7.13
2017,86,5.36,6.6
2017,87,5,6.11
2017,88,4.65,5.65
2017,89,4.33,5.22
2017,90,4.03,4.83
2017,91,3.75,4.46
2017,92,3.5,4.12
2017,93,3.26,3.81
2017,94,3.04,3.52
2017,95,2.83,3.26
2017,96,2.64,3.02
2017,97,2.47,2.8
2017,98,2.31,2.6
2017,99,2.16,2.42
2017,100,2.02,2.26
2018,0,79.74,85.73
2018,1,78.99,84.95
2018,2,78,83.96
2018,3,77.01,82.98
2018,4,76.02,81.99
2018,5,75.03,80.99
2018,6,74.04,80
2018,7,73.04,79
2018,8,72.05,78.01
2018,9,71.05,77.01
2018,10,70.06,76.02
2018,11,69.06,75.02
2018,12,68.07,74.03
2018,13,67.08,73.03
2018,14,66.08,72.04
2018,15,65.09,71.05
2018,16,64.1,70.06
2018,17,63.12,69.07
2018,18,62.13,68.08
2018,19,61.15,67.1
2018,20,60.17,66.11
2018,21,59.19,65.12
2018,22,58.21,64.14
2018,23,57.24,63.16
2018,24,56.26,62.17
2018,25,55.28,61.19
2018,26,54.31,60.21
2018,27,53.34,59.22
2018,28,52.37,58.24
2018,29,51.39,57.26
2018,30,50.42,56.28
2018,31,49.46,55.3
2018,32,48.49,54.32
2018,33,47.52,53.34
2018,34,46.56,52.37
2018,35,45.59,51.39
2018,36,44.63,50.42
2018,37,43.67,49.45
2018,38,42.72,48.47
2018,39,41.76,47.5
2018,40,40.81,46.54
2018,41,39.86,45.57
2018,42,38.91,44.6
2018,43,37.97,43.63
2018,44,37.03,42.67
2018,45,36.09,41.71
2018,46,35.17,40.74
2018,47,34.24,39.78
2018,48,33.33,38.83
2018,49,32.41,37.87
2018,50,31.51,36.92
2018,51,30.61,35.97
2018,52,29.72,35.02
2018,53,28.83,34.07
2018,54,27.95,33.12
2018,55,27.08,32.18
2018,56,26.21,31.23
2018,57,25.35,30.29
2018,58,24.49,29.35
2018,59,23.64,28.42
2018,60,22.8,27.48
2018,61,21.95,26.55
2018,62,21.12,25.62
2018,63,20.29,24.69
2018,64,19.47,23.77
2018,65,18.66,22.85
2018,66,17.86,21.93
2018,67,17.07,21.02
2018,68,16.29,20.12
2018,69,15.51,19.23
2018,70,14.75,18.34
2018,71,14,17.46
2018,72,13.25,16.59
2018,73,12.52,15.73
2018,74,11.81,14.89
2018,75,11.12,14.06
2018,76,10.46,13.26
2018,77,9.82,12.47
2018,78,9.21,11.71
2018,79,8.63,10.97
2018,80,8.07,10.26
2018,81,7.53,9.57
2018,82,7.03,8.91
2018,83,6.56,8.28
2018,84,6.12,7.69
2018,85,5.7,7.13
2018,86,5.31,6.6
2018,87,4.94,6.11
2018,88,4.6,5.65
2018,89,4.28,5.22
2018,90,3.98,4.82
2018,91,3.7,4.45
2018,92,3.44,4.11
2018,93,3.2,3.8
2018,94,2.98,3.51
2018,95,2.78,3.25
2018,96,2.59,3.01
2018,97,2.42,2.79
2018,98,2.26,2.59
2018,99,2.11,2.41
2018,100,1.98,2.25
2019,0,80.27,86.3
2019,1,79.51,85.51
2019,2,78.53,84.53
2019,3,77.54,83.54
2019,4,76.55,82.55
2019,5,75.56,81.56
2019,6,74.57,80.57
2019,7,73.57,79.57
2019,8,72.58,78.58
2019,9,71.58,77.58
2019,10,70.59,76.58
2019,11,69.59,75.58
2019,12,68.6,74.59
2019,13,67.61,73.59
2019,14,66.61,72.6
2019,15,65.62,71.61
2019,16,64.63,70.62
2019,17,63.65,69.63
2019,18,62.67,68.64
2019,19,61.68,67.66
2019,20,60.7,66.67
2019,21,59.72,65.69
2019,22,58.75,64.71
2019,23,57.77,63.72
2019,24,56.79,62.74
2019,25,55.82,61.76
2019,26,54.84,60.78
2019,27,53.87,59.79
2019,28,52.9,58.81
2019,29,51.93,57.83
2019,30,50.96,56.85
2019,31,49.98,55.87
2019,32,49.02,54.89
2019,33,48.05,53.92
2019,34,47.09,52.94
2019,35,46.12,51.97
2019,36,45.16,51
2019,37,44.2,50.02
2019,38,43.25,49.05
2019,39,42.29,48.08
2019,40,41.34,47.11
2019,41,40.39,46.15
2019,42,39.44,45.18
2019,43,38.49,44.21
2019,44,37.55,43.25
2019,45,36.61,42.29
2019,46,35.68,41.32
2019,47,34.76,40.37
2019,48,33.84,39.41
2019,49,32.92,38.45
2019,50,32.01,37.5
2019,51,31.11,36.55
2019,52,30.22,35.59
2019,53,29.33,34.65
2019,54,28.45,33.7
2019,55,27.57,32.75
2019,56,26.7,31.81
2019,57,25.83,30.86
2019,58,24.97,29.92
2019,59,24.12,28.99
2019,60,23.28,28.05
2019,61,22.43,27.12
2019,62,21.6,26.19
2019,63,20.77,25.26
2019,64,19.94,24.33
2019,65,19.13,23.41
2019,66,18.32,22.5
2019,67,17.52,21.59
2019,68,16.73,20.68
2019,69,15.95,19.79
2019,70,15.19,18.9
2019,71,14.43,18.02
2019,72,13.69,17.14
2019,73,12.95,16.28
2019,74,12.23,15.43
2019,75,11.53,14.6
2019,76,10.86,13.79
2019,77,10.21,12.99
2019,78,9.59,12.22
2019,79,8.99,11.46
2019,80,8.42,10.73
2019,81,7.87,10.03
2019,82,7.35,9.35
2019,83,6.86,8.71
2019,84,6.4,8.1
2019,85,5.97,7.52
2019,86,5.56,6.97
2019,87,5.18,6.46
2019,88,4.82,5.97
2019,89,4.48,5.53
2019,90,4.17,5.11
2019,91,3.88,4.72
2019,92,3.61,4.36
2019,93,3.36,4.03
2019,94,3.13,3.72
2019,95,2.92,3.44
2019,96,2.72,3.19
2019,97,2.53,2.95
2019,98,2.37,2.74
2019,99,2.21,2.55
2019,100,2.07,2.38
2020,0,80.49,86.47
2020,1,79.71,85.66
2020,2,78.72,84.67
2020,3,77.74,83.68
2020,4,76.75,82.69
2020,5,75.75,81.7
2020,6,74.76,80.7
2020,7,73.76,79.71
2020,8,72.77,78.71
2020,9,71.77,77.71
2020,10,70.78,76.72
2020,11,69.78,75.72
2020,12,68.79,74.73
2020,13,67.8,73.73
2020,14,66.8,72.74
2020,15,65.81,71.75
2020,16,64.83,70.75
2020,17,63.84,69.76
2020,18,62.86,68.78
2020,19,61.88,67.79
2020,20,60.9,66.8
2020,21,59.92,65.82
2020,22,58.94,64.84
2020,23,57.96,63.85
2020,24,56.98,62.87
2020,25,56.01,61.89
2020,26,55.04,60.92
2020,27,54.07,59.94
2020,28,53.09,58.96
2020,29,52.12,57.98
2020,30,51.16,57
2020,31,50.19,56.03
2020,32,49.22,55.05
2020,33,48.25,54.07
2020,34,47.29,53.09
2020,35,46.32,52.12
2020,36,45.36,51.15
2020,37,44.4,50.18
2020,38,43.45,49.21
2020,39,42.49,48.24
2020,40,41.53,47.27
2020,41,40.58,46.3
2020,42,39.63,45.33
2020,43,38.68,44.37
2020,44,37.74,43.4
2020,45,36.8,42.44
2020,46,35.87,41.48
2020,47,34.94,40.52
2020,48,34.02,39.57
2020,49,33.1,38.62
2020,50,32.19,37.66
2020,51,31.28,36.71
2020,52,30.38,35.76
2020,53,29.49,34.81
2020,54,28.6,33.86
2020,55,27.72,32.92
2020,56,26.85,31.98
2020,57,25.98,31.03
2020,58,25.12,30.09
2020,59,24.26,29.16
2020,60,23.41,28.22
2020,61,22.56,27.29
2020,62,21.72,26.36
2020,63,20.89,25.43
2020,64,20.06,24.5
2020,65,19.24,23.58
2020,66,18.43,22.66
2020,67,17.62,21.75
2020,68,16.83,20.85
2020,69,16.05,19.95
2020,70,15.29,19.05
2020,71,14.53,18.17
2020,72,13.78,17.29
2020,73,13.04,16.43
2020,74,12.32,15.57
2020,75,11.6,14.73
2020,76,10.91,13.9
2020,77,10.25,13.1
2020,78,9.62,12.32
2020,79,9.02,11.57
2020,80,8.44,10.83
2020,81,7.88,10.13
2020,82,7.35,9.45
2020,83,6.85,8.8
2020,84,6.38,8.18
2020,85,5.94,7.6
2020,86,5.53,7.05
2020,87,5.14,6.53
2020,88,4.78,6.04
2020,89,4.44,5.59
2020,90,4.12,5.17
2020,91,3.83,4.77
2020,92,3.56,4.41
2020,93,3.31,4.08
2020,94,3.08,3.77
2020,95,2.86,3.49
2020,96,2.67,3.23
2020,97,2.48,2.99
2020,98,2.32,2.78
2020,99,2.17,2.58
2020,100,2.03,2.4
2021,0,80.61,86.62
2021,1,79.82,85.8
2021,2,78.83,84.82
2021,3,77.84,83.82
2021,4,76.85,82.83
2021,5,75.86,81.84
2021,6,74.87,80.84
2021,7,73.87,79.85
2021,8,72.88,78.85
2021,9,71.88,77.86
2021,10,70.89,76.86
2021,11,69.89,75.86
2021,12,68.9,74.87
2021,13,67.9,73.88
2021,14,66.91,72.88
2021,15,65.92,71.89
2021,16,64.94,70.9
2021,17,63.95,69.91
2021,18,62.97,68.92
2021,19,61.99,67.94
2021,20,61.01,66.95
2021,21,60.03,65.97
2021,22,59.05,64.99
2021,23,58.07,64.01
2021,24,57.1,63.03
2021,25,56.13,62.05
2021,26,55.16,61.07
2021,27,54.19,60.09
2021,28,53.22,59.11
2021,29,52.25,58.13
2021,30,51.29,57.15
2021,31,50.32,56.17
2021,32,49.35,55.19
2021,33,48.39,54.22
2021,34,47.42,53.24
2021,35,46.45,52.26
2021,36,45.49,51.29
2021,37,44.53,50.32
2021,38,43.57,49.35
2021,39,42.61,48.38
2021,40,41.66,47.41
2021,41,40.71,46.44
2021,42,39.76,45.47
2021,43,38.81,44.51
2021,44,37.87,43.54
2021,45,36.93,42.58
2021,46,35.99,41.62
2021,47,35.06,40.66
2021,48,34.14,39.7
2021,49,33.22,38.75
2021,50,32.31,37.8
2021,51,31.4,36.85
2021,52,30.49,35.9
2021,53,29.59,34.95
2021,54,28.7,34
2021,55,27.82,33.05
2021,56,26.94,32.11
2021,57,26.07,31.17
2021,58,25.2,30.23
2021,59,24.33,29.29
2021,60,23.48,28.36
2021,61,22.63,27.42
2021,62,21.79,26.49
2021,63,20.96,25.56
2021,64,20.13,24.63
2021,65,19.32,23.71
2021,66,18.51,22.79
2021,67,17.71,21.88
2021,68,16.92,20.98
2021,69,16.15,20.08
2021,70,15.38,19.19
2021,71,14.62,18.3
2021,72,13.88,17.43
2021,73,13.14,16.57
2021,74,12.41,15.71
2021,75,11.7,14.87
2021,76,11,14.05
2021,77,10.33,13.24
2021,78,9.69,12.46
2021,79,9.07,11.7
2021,80,8.49,10.97
2021,81,7.94,10.26
2021,82,7.41,9.58
2021,83,6.92,8.93
2021,84,6.45,8.31
2021,85,6.01,7.73
2021,86,5.59,7.17
2021,87,5.21,6.65
2021,88,4.84,6.16
2021,89,4.5,5.7
2021,90,4.18,5.28
2021,91,3.89,4.88
2021,92,3.61,4.51
2021,93,3.36,4.17
2021,94,3.13,3.86
2021,95,2.91,3.57
2021,96,2.71,3.31
2021,97,2.52,3.07
2021,98,2.35,2.85
2021,99,2.2,2.65
2021,100,2.06,2.47
2022,0,79.86,85.62
2022,1,79.06,84.79
2022,2,78.08,83.81
2022,3,77.1,82.82
2022,4,76.11,81.83
2022,5,75.12,80.84
2022,6,74.12,79.85
2022,7,73.13,78.86
2022,8,72.14,77.86
2022,9,71.14,76.87
2022,10,70.15,75.87
2022,11,69.16,74.88
2022,12,68.16,73.88
2022,13,67.17,72.89
2022,14,66.18,71.89
2022,15,65.19,70.9
2022,16,64.21,69.91
2022,17,63.22,68.93
2022,18,62.24,67.94
2022,19,61.26,66.95
2022,20,60.28,65.97
2022,21,59.3,64.99
2022,22,58.32,64.01
2022,23,57.34,63.03
2022,24,56.36,62.05
2022,25,55.39,61.07
2022,26,54.42,60.09
2022,27,53.45,59.11
2022,28,52.48,58.13
2022,29,51.51,57.15
2022,30,50.55,56.17
2022,31,49.58,55.19
2022,32,48.61,54.21
2022,33,47.65,53.24
2022,34,46.68,52.26
2022,35,45.72,51.28
2022,36,44.76,50.31
2022,37,43.8,49.33
2022,38,42.84,48.36
2022,39,41.88,47.39
2022,40,40.93,46.42
2022,41,39.98,45.45
2022,42,39.03,44.49
2022,43,38.09,43.52
2022,44,37.15,42.56
2022,45,36.21,41.6
2022,46,35.27,40.64
2022,47,34.34,39.69
2022,48,33.41,38.73
2022,49,32.49,37.78
2022,50,31.58,36.83
2022,51,30.67,35.88
2022,52,29.76,34.93
2022,53,28.87,33.98
2022,54,27.98,33.03
2022,55,27.09,32.08
2022,56,26.22,31.14
2022,57,25.35,30.2
2022,58,24.48,29.26
2022,59,23.62,28.32
2022,60,22.76,27.39
2022,61,21.92,26.45
2022,62,21.08,25.52
2022,63,20.25,24.6
2022,64,19.42,23.67
2022,65,18.61,22.75
2022,66,17.79,21.84
2022,67,16.99,20.93
2022,68,16.2,20.03
2022,69,15.42,19.13
2022,70,14.66,18.25
2022,71,13.91,17.37
2022,72,13.17,16.5
2022,73,12.45,15.65
2022,74,11.74,14.8
2022,75,11.04,13.96
2022,76,10.36,13.14
2022,77,9.69,12.34
2022,78,9.05,11.56
2022,79,8.43,10.81
2022,80,7.85,10.09
2022,81,7.3,9.39
2022,82,6.78,8.73
2022,83,6.29,8.09
2022,84,5.83,7.49
2022,85,5.4,6.93
2022,86,5,6.4
2022,87,4.62,5.9
2022,88,4.28,5.44
2022,89,3.96,5.01
2022,90,3.66,4.62
2022,91,3.39,4.25
2022,92,3.13,3.92
2022,93,2.9,3.61
2022,94,2.69,3.33
2022,95,2.5,3.07
2022,96,2.32,2.84
2022,97,2.16,2.63
2022,98,2.01,2.44
2022,99,1.88,2.27
2022,100,1.76,2.11
2023,0,80.6,86.4
2023,1,79.8,85.6
2023,2,78.8,84.6
2023,3,77.8,83.6
2023,4,76.8,82.6
2023,5,75.8,81.6
2023,6,74.8,80.7
2023,7,73.8,79.7
2023,8,72.9,78.7
2023,9,71.9,77.7
2023,10,70.9,76.7
2023,11,69.9,75.7
2023,12,68.9,74.7
2023,13,67.9,73.7
2023,14,66.9,72.7
2023,15,65.9,71.7
2023,16,64.9,70.7
2023,17,63.9,69.7
2023,18,62.9,68.8
2023,19,62,67.8
2023,20,61,66.8
2023,21,60,65.8
2023,22,59,64.8
2023,23,58.1,63.8
2023,24,57.1,62.9
2023,25,56.1,61.9
2023,26,55.1,60.9
2023,27,54.2,59.9
2023,28,53.2,58.9
2023,29,52.2,58
2023,30,51.3,57
2023,31,50.3,56
2023,32,49.3,55
2023,33,48.4,54
2023,34,47.4,53.1
2023,35,46.4,52.1
2023,36,45.5,51.1
2023,37,44.5,50.1
2023,38,43.6,49.2
2023,39,42.6,48.2
2023,40,41.6,47.2
2023,41,40.7,46.3
2023,42,39.7,45.3
2023,43,38.8,44.3
2023,44,37.9,43.4
2023,45,36.9,42.4
2023,46,36,41.5
2023,47,35,40.5
2023,48,34.1,39.5
2023,49,33.2,38.6
2023,50,32.3,37.6
2023,51,31.4,36.7
2023,52,30.4,35.7
2023,53,29.5,34.8
2023,54,28.7,33.8
2023,55,27.8,32.9
2023,56,26.9,32
2023,57,26,31
2023,58,25.1,30.1
2023,59,24.3,29.1
2023,60,23.4,28.2
2023,61,22.6,27.3
2023,62,21.7,26.3
2023,63,20.9,25.4
2023,64,20,24.5
2023,65,19.2,23.6
2023,66,18.4,22.6
2023,67,17.6,21.7
2023,68,16.8,20.8
2023,69,16,19.9
2023,70,15.2,19
2023,71,14.5,18.1
2023,72,13.7,17.3
2023,73,13,16.4
2023,74,12.3,15.5
2023,75,11.6,14.7
2023,76,10.9,13.9
2023,77,10.2,13
2023,78,9.5,12.3
2023,79,8.9,11.5
2023,80,8.3,10.7
2023,81,7.7,10
2023,82,7.1,9.3
2023,83,6.6,8.7
2023,84,6.2,8.1
2023,85,5.7,7.5
2023,86,5.3,6.9
2023,87,4.9,6.4
2023,88,4.5,5.9
2023,89,4.2,5.5
2023,90,3.9,5
2023,91,3.6,4.7
2023,92,3.3,4.3
2023,93,3.1,4
2023,94,2.8,3.7
2023,95,2.6,3.4
2023,96,2.4,3.1
2023,97,2.3,2.9
2023,98,2.1,2.7
2023,99,2,2.5
2023,100,1.8,2.3
2024,0,80.8,86.6
2024,1,80,85.8
2024,2,79,84.8
2024,3,78.1,83.8
2024,4,77.1,82.8
2024,5,76.1,81.8
2024,6,75.1,80.8
2024,7,74.1,79.8
2024,8,73.1,78.8
2024,9,72.1,77.8
2024,10,71.1,76.8
2024,11,70.1,75.8
2024,12,69.1,74.8
2024,13,68.1,73.9
2024,14,67.1,72.9
2024,15,66.1,71.9
2024,16,65.1,70.9
2024,17,64.2,69.9
2024,18,63.2,68.9
2024,19,62.2,67.9
2024,20,61.2,66.9
2024,21,60.2,66
2024,22,59.3,65
2024,23,58.3,64
2024,24,57.3,63
2024,25,56.3,62
2024,26,55.4,61.1
2024,27,54.4,60.1
2024,28,53.4,59.1
2024,29,52.5,58.1
2024,30,51.5,57.1
2024,31,50.5,56.2
2024,32,49.6,55.2
2024,33,48.6,54.2
2024,34,47.6,53.2
2024,35,46.7,52.3
2024,36,45.7,51.3
2024,37,44.7,50.3
2024,38,43.8,49.3
2024,39,42.8,48.4
2024,40,41.9,47.4
2024,41,40.9,46.4
2024,42,40,45.5
2024,43,39,44.5
2024,44,38.1,43.6
2024,45,37.2,42.6
2024,46,36.2,41.6
2024,47,35.3,40.7
2024,48,34.4,39.7
2024,49,33.5,38.8
2024,50,32.5,37.8
2024,51,31.6,36.9
2024,52,30.7,35.9
2024,53,29.8,35
2024,54,28.9,34
2024,55,28.1,33.1
2024,56,27.2,32.1
2024,57,26.3,31.2
2024,58,25.4,30.3
2024,59,24.6,29.3
2024,60,23.7,28.4
2024,61,22.9,27.5
2024,62,22,26.5
2024,63,21.2,25.6
2024,64,20.4,24.7
2024,65,19.5,23.7
2024,66,18.7,22.8
2024,67,17.9,21.9
2024,68,17.1,21
2024,69,16.3,20.1
2024,70,15.5,19.2
2024,71,14.8,18.3
2024,72,14,17.4
2024,73,13.3,16.6
2024,74,12.6,15.7
2024,75,11.8,14.9
2024,76,11.1,14
2024,77,10.5,13.2
2024,78,9.8,12.4
2024,79,9.1,11.6
2024,80,8.5,10.9
2024,81,7.9,10.2
2024,82,7.4,9.5
2024,83,6.9,8.8
2024,84,6.4,8.2
2024,85,5.9,7.6
2024,86,5.5,7
2024,87,5.1,6.5
2024,88,4.7,6
2024,89,4.3,5.5
2024,90,4,5.1
2024,91,3.7,4.7
2024,92,3.4,4.3
2024,93,3.2,4
2024,94,2.9,3.7
2024,95,2.7,3.4
2024,96,2.5,3.1
2024,97,2.3,2.9
2024,98,2.2,2.7
2024,99,2,2.5
2024,100,1.9,2.3
